CREATE DATABASE  IF NOT EXISTS `kwache_salon` /*!40100 DEFAULT CHARACTER SET utf8mb4 COLLATE utf8mb4_0900_ai_ci */ /*!80016 DEFAULT ENCRYPTION='N' */;
USE `kwache_salon`;
-- MySQL dump 10.13  Distrib 8.0.44, for Win64 (x86_64)
--
-- Host: localhost    Database: kwache_salon
-- ------------------------------------------------------
-- Server version	8.0.44

/*!40101 SET @OLD_CHARACTER_SET_CLIENT=@@CHARACTER_SET_CLIENT */;
/*!40101 SET @OLD_CHARACTER_SET_RESULTS=@@CHARACTER_SET_RESULTS */;
/*!40101 SET @OLD_COLLATION_CONNECTION=@@COLLATION_CONNECTION */;
/*!50503 SET NAMES utf8 */;
/*!40103 SET @OLD_TIME_ZONE=@@TIME_ZONE */;
/*!40103 SET TIME_ZONE='+00:00' */;
/*!40014 SET @OLD_UNIQUE_CHECKS=@@UNIQUE_CHECKS, UNIQUE_CHECKS=0 */;
/*!40014 SET @OLD_FOREIGN_KEY_CHECKS=@@FOREIGN_KEY_CHECKS, FOREIGN_KEY_CHECKS=0 */;
/*!40101 SET @OLD_SQL_MODE=@@SQL_MODE, SQL_MODE='NO_AUTO_VALUE_ON_ZERO' */;
/*!40111 SET @OLD_SQL_NOTES=@@SQL_NOTES, SQL_NOTES=0 */;

--
-- Table structure for table `customers`
--

DROP TABLE IF EXISTS customers;
/*!40101 SET @saved_cs_client     = @@character_set_client */;
/*!50503 SET character_set_client = utf8mb4 */;
CREATE TABLE customers (
  customer_id text,
  customer_name text,
  gender text,
  age text
) ENGINE=InnoDB DEFAULT CHARSET=utf8mb4 COLLATE=utf8mb4_0900_ai_ci;
/*!40101 SET character_set_client = @saved_cs_client */;

--
-- Dumping data for table `customers`
--

LOCK TABLES customers WRITE;
/*!40000 ALTER TABLE customers DISABLE KEYS */;
INSERT INTO customers VALUES ('C500','','','34'),('C501','Eunice Achieng','F','34'),('C502','David Kamau','F','60'),('C503','David Kamau','','18'),('C504','Brian Otieno','M',''),('C505','Alice Njeri','','60'),('C506','David Kamau','F','60'),('C507','David Kamau','M','60'),('C508','David Kamau','F','34'),('C509','Alice Njeri','F',''),('C510','Alice Njeri','','34'),('C511','Brian Otieno','','34'),('C512','Brian Otieno','M','45'),('C513','Eunice Achieng','M','60'),('C514','','','60'),('C515','Brian Otieno','M','25'),('C516','David Kamau','M',''),('C517','Eunice Achieng','F','25'),('C518','Brian Otieno','M','18'),('C519','','F','25'),('C520','','M','34'),('C521','Eunice Achieng','F','25'),('C522','Eunice Achieng','F',''),('C523','','','45'),('C524','David Kamau','F','60'),('C525','Eunice Achieng','M','18'),('C526','Brian Otieno','F','34'),('C527','Eunice Achieng','F','18'),('C528','Eunice Achieng','','25'),('C529','David Kamau','','18'),('C530','','M',''),('C531','Alice Njeri','F','34'),('C532','','F','45'),('C533','Alice Njeri','F','60'),('C534','Eunice Achieng','','25'),('C535','','M','18'),('C536','','','34'),('C537','Alice Njeri','','25'),('C538','Brian Otieno','','34'),('C539','David Kamau','M','25'),('C540','David Kamau','','45'),('C541','David Kamau','','60'),('C542','Brian Otieno','','45'),('C543','','','34'),('C544','Alice Njeri','F','45'),('C545','David Kamau','M',''),('C546','Alice Njeri','F','25'),('C547','Eunice Achieng','M','60'),('C548','David Kamau','M',''),('C549','Alice Njeri','F','34'),('C550','Brian Otieno','F','34'),('C551','','F','45'),('C552','Eunice Achieng','M','18'),('C553','Alice Njeri','','60'),('C554','Alice Njeri','M','45'),('C555','','','25'),('C556','Eunice Achieng','','34'),('C557','David Kamau','',''),('C558','','F','45'),('C559','','','25'),('C560','Brian Otieno','','45'),('C561','David Kamau','M','60'),('C562','Eunice Achieng','','18'),('C563','','','45'),('C564','Alice Njeri','F','34'),('C565','David Kamau','M','45'),('C566','Eunice Achieng','','25'),('C567','David Kamau','','18'),('C568','David Kamau','F','45'),('C569','Eunice Achieng','M','60'),('C570','Alice Njeri','','34'),('C571','','','45'),('C572','','F','45'),('C573','Eunice Achieng','',''),('C574','Eunice Achieng','F','34'),('C575','David Kamau','F','60'),('C576','Brian Otieno','F','18'),('C577','Brian Otieno','M','45'),('C578','Brian Otieno','M','60'),('C579','Brian Otieno','M','18'),('C580','Brian Otieno','M',''),('C581','Eunice Achieng','F','34'),('C582','','','45'),('C583','Alice Njeri','M','25'),('C584','Brian Otieno','','60'),('C585','Brian Otieno','F',''),('C586','Eunice Achieng','M','60'),('C587','David Kamau','','18'),('C588','Brian Otieno','','34'),('C589','Alice Njeri','M','45'),('C590','Alice Njeri','',''),('C591','','F','18'),('C592','Brian Otieno','','60'),('C593','','F','34'),('C594','','M','25'),('C595','Brian Otieno','F','45'),('C596','','','45'),('C597','Brian Otieno','','45'),('C598','','','34'),('C599','Brian Otieno','','18'),('C600','David Kamau','F','45'),('C601','David Kamau','M','18'),('C602','','F','34'),('C603','','','45'),('C604','Eunice Achieng','M','60'),('C605','Alice Njeri','','18'),('C606','Brian Otieno','M','60'),('C607','Eunice Achieng','F','25'),('C608','Brian Otieno','M','18'),('C609','David Kamau','M',''),('C610','Alice Njeri','','45'),('C611','Brian Otieno','','18'),('C612','','F','45'),('C613','David Kamau','','18'),('C614','','F','18'),('C615','Brian Otieno','F','60'),('C616','Brian Otieno','F','25'),('C617','David Kamau','F','18'),('C618','Alice Njeri','','45'),('C619','','F','25'),('C620','','M',''),('C621','Alice Njeri','F','60'),('C622','Eunice Achieng','',''),('C623','Brian Otieno','M','34'),('C624','Brian Otieno','','25'),('C625','','','60'),('C626','','F','25'),('C627','David Kamau','','45'),('C628','Alice Njeri','','45'),('C629','','F','18'),('C630','David Kamau','M','34'),('C631','','','18'),('C632','David Kamau','M','45'),('C633','','','18'),('C634','','M','25'),('C635','Brian Otieno','','25'),('C636','David Kamau','F','60'),('C637','','','60'),('C638','Eunice Achieng','M','18'),('C639','Eunice Achieng','M','25'),('C640','','F','18'),('C641','','M','45'),('C642','Brian Otieno','F','60'),('C643','Alice Njeri','M','60'),('C644','Brian Otieno','M','34'),('C645','Brian Otieno','M','34'),('C646','Eunice Achieng','F','60'),('C647','Eunice Achieng','',''),('C648','Eunice Achieng','M','25'),('C649','Alice Njeri','M',''),('C650','Brian Otieno','M',''),('C651','Eunice Achieng','','60'),('C652','Eunice Achieng','F',''),('C653','Alice Njeri','M','25'),('C654','Alice Njeri','F','60'),('C655','Eunice Achieng','M','34'),('C656','','M',''),('C657','','','18'),('C658','','','45'),('C659','David Kamau','F','60'),('C660','','F','18'),('C661','','F',''),('C662','Eunice Achieng','F',''),('C663','Eunice Achieng','','18'),('C664','Brian Otieno','F','25'),('C665','Brian Otieno','F','60'),('C666','Brian Otieno','F','45'),('C667','','F','45'),('C668','Eunice Achieng','M','45'),('C669','Alice Njeri','',''),('C670','Eunice Achieng','','45'),('C671','Brian Otieno','','45'),('C672','Alice Njeri','F','60'),('C673','David Kamau','F',''),('C674','Eunice Achieng','M','34'),('C675','','','18'),('C676','Eunice Achieng','M','18'),('C677','Eunice Achieng','M',''),('C678','','M',''),('C679','','','45'),('C680','Eunice Achieng','','34'),('C681','Alice Njeri','','60'),('C682','','F','34'),('C683','Eunice Achieng','M','34'),('C684','David Kamau','F','60'),('C685','Alice Njeri','M','60'),('C686','David Kamau','F','60'),('C687','Brian Otieno','M','60'),('C688','David Kamau','M','18'),('C689','Eunice Achieng','F','60'),('C690','Eunice Achieng','F','34'),('C691','Alice Njeri','F',''),('C692','Alice Njeri','','60'),('C693','Alice Njeri','F',''),('C694','Eunice Achieng','','18'),('C695','Alice Njeri','M','18'),('C696','David Kamau','M','60'),('C697','David Kamau','M','45'),('C698','Eunice Achieng','','18'),('C699','David Kamau','','34'),('C700','','M','60'),('C701','Brian Otieno','F','45'),('C702','','M',''),('C703','Eunice Achieng','','34'),('C704','Brian Otieno','F','34'),('C705','Alice Njeri','','34'),('C706','Alice Njeri','M','34'),('C707','Brian Otieno','','60'),('C708','','','45'),('C709','Eunice Achieng','M',''),('C710','Eunice Achieng','M',''),('C711','','','25'),('C712','Eunice Achieng','','45'),('C713','Brian Otieno','M','18'),('C714','Alice Njeri','','18'),('C715','Brian Otieno','F','60'),('C716','Brian Otieno','F','34'),('C717','David Kamau','F','45'),('C718','','F','25'),('C719','Alice Njeri','',''),('C720','Eunice Achieng','','60'),('C721','David Kamau','F','18'),('C722','Eunice Achieng','M','34'),('C723','','','45'),('C724','David Kamau','M',''),('C725','Brian Otieno','M','60'),('C726','Eunice Achieng','F','45'),('C727','David Kamau','','25'),('C728','Alice Njeri','','18'),('C729','Brian Otieno','M','25'),('C730','','F','25'),('C731','Alice Njeri','M','60'),('C732','Alice Njeri','M','25'),('C733','Brian Otieno','','25'),('C734','David Kamau','F',''),('C735','','M','45'),('C736','David Kamau','','45'),('C737','David Kamau','','18'),('C738','Brian Otieno','',''),('C739','Eunice Achieng','M',''),('C740','Eunice Achieng','F','45'),('C741','','F','18'),('C742','Eunice Achieng','F','34'),('C743','Brian Otieno','F','25'),('C744','Brian Otieno','F','34'),('C745','David Kamau','F','45'),('C746','','','60'),('C747','Eunice Achieng','','25'),('C748','David Kamau','',''),('C749','David Kamau','','25'),('C750','Eunice Achieng','F',''),('C751','Brian Otieno','','45'),('C752','Brian Otieno','F','45'),('C753','Brian Otieno','M',''),('C754','Brian Otieno','M','18'),('C755','Brian Otieno','F','34'),('C756','Alice Njeri','','45'),('C757','David Kamau','M','25'),('C758','','','18'),('C759','David Kamau','F','18'),('C760','David Kamau','',''),('C761','David Kamau','','60'),('C762','David Kamau','M','34'),('C763','Brian Otieno','F','25'),('C764','Alice Njeri','M','34'),('C765','','F','25'),('C766','Alice Njeri','M','25'),('C767','David Kamau','M','45'),('C768','','F','60'),('C769','','F','45'),('C770','Eunice Achieng','M','45'),('C771','Eunice Achieng','M','45'),('C772','Eunice Achieng','','45'),('C773','','','60'),('C774','Alice Njeri','','45'),('C775','','M',''),('C776','Brian Otieno','F','18'),('C777','Alice Njeri','F',''),('C778','','','60'),('C779','Brian Otieno','M','45'),('C780','Eunice Achieng','','25'),('C781','David Kamau','M','18'),('C782','David Kamau','','60'),('C783','Alice Njeri','M','34'),('C784','David Kamau','','60'),('C785','Eunice Achieng','F','18'),('C786','','F','18'),('C787','Eunice Achieng','M','34'),('C788','Alice Njeri','M',''),('C789','','F','25'),('C790','Alice Njeri','M','25'),('C791','','M','18'),('C792','Alice Njeri','F','25'),('C793','Brian Otieno','M','25'),('C794','Eunice Achieng','','60'),('C795','','','18'),('C796','Brian Otieno','M','60'),('C797','David Kamau','M','18'),('C798','','',''),('C799','','','25'),('C550','Brian Otieno','F','34'),('C574','Eunice Achieng','F','34'),('C783','Alice Njeri','M','34'),('C750','Eunice Achieng','F',''),('C788','Alice Njeri','M',''),('C765','','F','25'),('C792','Alice Njeri','F','25'),('C635','Brian Otieno','','25'),('C537','Alice Njeri','','25'),('C566','Eunice Achieng','','25'),('C647','Eunice Achieng','',''),('C531','Alice Njeri','F','34'),('C601','David Kamau','M','18'),('C544','Alice Njeri','F','45'),('C611','Brian Otieno','','18'),('C543','','','34'),('C632','David Kamau','M','45'),('C798','','',''),('C603','','','45'),('C661','','F',''),('C699','David Kamau','','34'),('C695','Alice Njeri','M','18'),('C688','David Kamau','M','18'),('C679','','','45'),('C557','David Kamau','','');
/*!40000 ALTER TABLE customers ENABLE KEYS */;
UNLOCK TABLES;

--
-- Table structure for table `customers2`
--

DROP TABLE IF EXISTS customers2;
/*!40101 SET @saved_cs_client     = @@character_set_client */;
/*!50503 SET character_set_client = utf8mb4 */;
CREATE TABLE customers2 (
  customer_id varchar(10) NOT NULL,
  customer_name text,
  gender text,
  age int DEFAULT NULL,
  PRIMARY KEY (customer_id)
) ENGINE=InnoDB DEFAULT CHARSET=utf8mb4 COLLATE=utf8mb4_0900_ai_ci;
/*!40101 SET character_set_client = @saved_cs_client */;

--
-- Dumping data for table `customers2`
--

LOCK TABLES customers2 WRITE;
/*!40000 ALTER TABLE customers2 DISABLE KEYS */;
INSERT INTO customers2 VALUES ('C500','','Unknown',34),('C501','Eunice Achieng','Female',34),('C502','David Kamau','Female',60),('C503','David Kamau','Unknown',18),('C504','Brian Otieno','Male',NULL),('C505','Alice Njeri','Unknown',60),('C506','David Kamau','Female',60),('C507','David Kamau','Male',60),('C508','David Kamau','Female',34),('C509','Alice Njeri','Female',NULL),('C510','Alice Njeri','Unknown',34),('C511','Brian Otieno','Unknown',34),('C512','Brian Otieno','Male',45),('C513','Eunice Achieng','Male',60),('C514','','Unknown',60),('C515','Brian Otieno','Male',25),('C516','David Kamau','Male',NULL),('C517','Eunice Achieng','Female',25),('C518','Brian Otieno','Male',18),('C519','','Female',25),('C520','','Male',34),('C521','Eunice Achieng','Female',25),('C522','Eunice Achieng','Female',NULL),('C523','','Unknown',45),('C524','David Kamau','Female',60),('C525','Eunice Achieng','Male',18),('C526','Brian Otieno','Female',34),('C527','Eunice Achieng','Female',18),('C528','Eunice Achieng','Unknown',25),('C529','David Kamau','Unknown',18),('C530','','Male',NULL),('C531','Alice Njeri','Female',34),('C532','','Female',45),('C533','Alice Njeri','Female',60),('C534','Eunice Achieng','Unknown',25),('C535','','Male',18),('C536','','Unknown',34),('C537','Alice Njeri','Unknown',25),('C538','Brian Otieno','Unknown',34),('C539','David Kamau','Male',25),('C540','David Kamau','Unknown',45),('C541','David Kamau','Unknown',60),('C542','Brian Otieno','Unknown',45),('C543','','Unknown',34),('C544','Alice Njeri','Female',45),('C545','David Kamau','Male',NULL),('C546','Alice Njeri','Female',25),('C547','Eunice Achieng','Male',60),('C548','David Kamau','Male',NULL),('C549','Alice Njeri','Female',34),('C550','Brian Otieno','Female',34),('C551','','Female',45),('C552','Eunice Achieng','Male',18),('C553','Alice Njeri','Unknown',60),('C554','Alice Njeri','Male',45),('C555','','Unknown',25),('C556','Eunice Achieng','Unknown',34),('C557','David Kamau','Unknown',NULL),('C558','','Female',45),('C559','','Unknown',25),('C560','Brian Otieno','Unknown',45),('C561','David Kamau','Male',60),('C562','Eunice Achieng','Unknown',18),('C563','','Unknown',45),('C564','Alice Njeri','Female',34),('C565','David Kamau','Male',45),('C566','Eunice Achieng','Unknown',25),('C567','David Kamau','Unknown',18),('C568','David Kamau','Female',45),('C569','Eunice Achieng','Male',60),('C570','Alice Njeri','Unknown',34),('C571','','Unknown',45),('C572','','Female',45),('C573','Eunice Achieng','Unknown',NULL),('C574','Eunice Achieng','Female',34),('C575','David Kamau','Female',60),('C576','Brian Otieno','Female',18),('C577','Brian Otieno','Male',45),('C578','Brian Otieno','Male',60),('C579','Brian Otieno','Male',18),('C580','Brian Otieno','Male',NULL),('C581','Eunice Achieng','Female',34),('C582','','Unknown',45),('C583','Alice Njeri','Male',25),('C584','Brian Otieno','Unknown',60),('C585','Brian Otieno','Female',NULL),('C586','Eunice Achieng','Male',60),('C587','David Kamau','Unknown',18),('C588','Brian Otieno','Unknown',34),('C589','Alice Njeri','Male',45),('C590','Alice Njeri','Unknown',NULL),('C591','','Female',18),('C592','Brian Otieno','Unknown',60),('C593','','Female',34),('C594','','Male',25),('C595','Brian Otieno','Female',45),('C596','','Unknown',45),('C597','Brian Otieno','Unknown',45),('C598','','Unknown',34),('C599','Brian Otieno','Unknown',18),('C600','David Kamau','Female',45),('C601','David Kamau','Male',18),('C602','','Female',34),('C603','','Unknown',45),('C604','Eunice Achieng','Male',60),('C605','Alice Njeri','Unknown',18),('C606','Brian Otieno','Male',60),('C607','Eunice Achieng','Female',25),('C608','Brian Otieno','Male',18),('C609','David Kamau','Male',NULL),('C610','Alice Njeri','Unknown',45),('C611','Brian Otieno','Unknown',18),('C612','','Female',45),('C613','David Kamau','Unknown',18),('C614','','Female',18),('C615','Brian Otieno','Female',60),('C616','Brian Otieno','Female',25),('C617','David Kamau','Female',18),('C618','Alice Njeri','Unknown',45),('C619','','Female',25),('C620','','Male',NULL),('C621','Alice Njeri','Female',60),('C622','Eunice Achieng','Unknown',NULL),('C623','Brian Otieno','Male',34),('C624','Brian Otieno','Unknown',25),('C625','','Unknown',60),('C626','','Female',25),('C627','David Kamau','Unknown',45),('C628','Alice Njeri','Unknown',45),('C629','','Female',18),('C630','David Kamau','Male',34),('C631','','Unknown',18),('C632','David Kamau','Male',45),('C633','','Unknown',18),('C634','','Male',25),('C635','Brian Otieno','Unknown',25),('C636','David Kamau','Female',60),('C637','','Unknown',60),('C638','Eunice Achieng','Male',18),('C639','Eunice Achieng','Male',25),('C640','','Female',18),('C641','','Male',45),('C642','Brian Otieno','Female',60),('C643','Alice Njeri','Male',60),('C644','Brian Otieno','Male',34),('C645','Brian Otieno','Male',34),('C646','Eunice Achieng','Female',60),('C647','Eunice Achieng','Unknown',NULL),('C648','Eunice Achieng','Male',25),('C649','Alice Njeri','Male',NULL),('C650','Brian Otieno','Male',NULL),('C651','Eunice Achieng','Unknown',60),('C652','Eunice Achieng','Female',NULL),('C653','Alice Njeri','Male',25),('C654','Alice Njeri','Female',60),('C655','Eunice Achieng','Male',34),('C656','','Male',NULL),('C657','','Unknown',18),('C658','','Unknown',45),('C659','David Kamau','Female',60),('C660','','Female',18),('C661','','Female',NULL),('C662','Eunice Achieng','Female',NULL),('C663','Eunice Achieng','Unknown',18),('C664','Brian Otieno','Female',25),('C665','Brian Otieno','Female',60),('C666','Brian Otieno','Female',45),('C667','','Female',45),('C668','Eunice Achieng','Male',45),('C669','Alice Njeri','Unknown',NULL),('C670','Eunice Achieng','Unknown',45),('C671','Brian Otieno','Unknown',45),('C672','Alice Njeri','Female',60),('C673','David Kamau','Female',NULL),('C674','Eunice Achieng','Male',34),('C675','','Unknown',18),('C676','Eunice Achieng','Male',18),('C677','Eunice Achieng','Male',NULL),('C678','','Male',NULL),('C679','','Unknown',45),('C680','Eunice Achieng','Unknown',34),('C681','Alice Njeri','Unknown',60),('C682','','Female',34),('C683','Eunice Achieng','Male',34),('C684','David Kamau','Female',60),('C685','Alice Njeri','Male',60),('C686','David Kamau','Female',60),('C687','Brian Otieno','Male',60),('C688','David Kamau','Male',18),('C689','Eunice Achieng','Female',60),('C690','Eunice Achieng','Female',34),('C691','Alice Njeri','Female',NULL),('C692','Alice Njeri','Unknown',60),('C693','Alice Njeri','Female',NULL),('C694','Eunice Achieng','Unknown',18),('C695','Alice Njeri','Male',18),('C696','David Kamau','Male',60),('C697','David Kamau','Male',45),('C698','Eunice Achieng','Unknown',18),('C699','David Kamau','Unknown',34),('C700','','Male',60),('C701','Brian Otieno','Female',45),('C702','','Male',NULL),('C703','Eunice Achieng','Unknown',34),('C704','Brian Otieno','Female',34),('C705','Alice Njeri','Unknown',34),('C706','Alice Njeri','Male',34),('C707','Brian Otieno','Unknown',60),('C708','','Unknown',45),('C709','Eunice Achieng','Male',NULL),('C710','Eunice Achieng','Male',NULL),('C711','','Unknown',25),('C712','Eunice Achieng','Unknown',45),('C713','Brian Otieno','Male',18),('C714','Alice Njeri','Unknown',18),('C715','Brian Otieno','Female',60),('C716','Brian Otieno','Female',34),('C717','David Kamau','Female',45),('C718','','Female',25),('C719','Alice Njeri','Unknown',NULL),('C720','Eunice Achieng','Unknown',60),('C721','David Kamau','Female',18),('C722','Eunice Achieng','Male',34),('C723','','Unknown',45),('C724','David Kamau','Male',NULL),('C725','Brian Otieno','Male',60),('C726','Eunice Achieng','Female',45),('C727','David Kamau','Unknown',25),('C728','Alice Njeri','Unknown',18),('C729','Brian Otieno','Male',25),('C730','','Female',25),('C731','Alice Njeri','Male',60),('C732','Alice Njeri','Male',25),('C733','Brian Otieno','Unknown',25),('C734','David Kamau','Female',NULL),('C735','','Male',45),('C736','David Kamau','Unknown',45),('C737','David Kamau','Unknown',18),('C738','Brian Otieno','Unknown',NULL),('C739','Eunice Achieng','Male',NULL),('C740','Eunice Achieng','Female',45),('C741','','Female',18),('C742','Eunice Achieng','Female',34),('C743','Brian Otieno','Female',25),('C744','Brian Otieno','Female',34),('C745','David Kamau','Female',45),('C746','','Unknown',60),('C747','Eunice Achieng','Unknown',25),('C748','David Kamau','Unknown',NULL),('C749','David Kamau','Unknown',25),('C750','Eunice Achieng','Female',NULL),('C751','Brian Otieno','Unknown',45),('C752','Brian Otieno','Female',45),('C753','Brian Otieno','Male',NULL),('C754','Brian Otieno','Male',18),('C755','Brian Otieno','Female',34),('C756','Alice Njeri','Unknown',45),('C757','David Kamau','Male',25),('C758','','Unknown',18),('C759','David Kamau','Female',18),('C760','David Kamau','Unknown',NULL),('C761','David Kamau','Unknown',60),('C762','David Kamau','Male',34),('C763','Brian Otieno','Female',25),('C764','Alice Njeri','Male',34),('C765','','Female',25),('C766','Alice Njeri','Male',25),('C767','David Kamau','Male',45),('C768','','Female',60),('C769','','Female',45),('C770','Eunice Achieng','Male',45),('C771','Eunice Achieng','Male',45),('C772','Eunice Achieng','Unknown',45),('C773','','Unknown',60),('C774','Alice Njeri','Unknown',45),('C775','','Male',NULL),('C776','Brian Otieno','Female',18),('C777','Alice Njeri','Female',NULL),('C778','','Unknown',60),('C779','Brian Otieno','Male',45),('C780','Eunice Achieng','Unknown',25),('C781','David Kamau','Male',18),('C782','David Kamau','Unknown',60),('C783','Alice Njeri','Male',34),('C784','David Kamau','Unknown',60),('C785','Eunice Achieng','Female',18),('C786','','Female',18),('C787','Eunice Achieng','Male',34),('C788','Alice Njeri','Male',NULL),('C789','','Female',25),('C790','Alice Njeri','Male',25),('C791','','Male',18),('C792','Alice Njeri','Female',25),('C793','Brian Otieno','Male',25),('C794','Eunice Achieng','Unknown',60),('C795','','Unknown',18),('C796','Brian Otieno','Male',60),('C797','David Kamau','Male',18),('C798','','Unknown',NULL),('C799','','Unknown',25);
/*!40000 ALTER TABLE customers2 ENABLE KEYS */;
UNLOCK TABLES;

--
-- Table structure for table `customers_300`
--

DROP TABLE IF EXISTS customers_300;
/*!40101 SET @saved_cs_client     = @@character_set_client */;
/*!50503 SET character_set_client = utf8mb4 */;
CREATE TABLE customers_300 (
  customer_id text,
  customer_name text,
  gender text,
  age text
) ENGINE=InnoDB DEFAULT CHARSET=utf8mb4 COLLATE=utf8mb4_0900_ai_ci;
/*!40101 SET character_set_client = @saved_cs_client */;

--
-- Dumping data for table `customers_300`
--

LOCK TABLES customers_300 WRITE;
/*!40000 ALTER TABLE customers_300 DISABLE KEYS */;
INSERT INTO customers_300 VALUES ('C500','','','34'),('C501','Eunice Achieng','F','34'),('C502','David Kamau','F','60'),('C503','David Kamau','','18'),('C504','Brian Otieno','M',''),('C505','Alice Njeri','','60'),('C506','David Kamau','F','60'),('C507','David Kamau','M','60'),('C508','David Kamau','F','34'),('C509','Alice Njeri','F',''),('C510','Alice Njeri','','34'),('C511','Brian Otieno','','34'),('C512','Brian Otieno','M','45'),('C513','Eunice Achieng','M','60'),('C514','','','60'),('C515','Brian Otieno','M','25'),('C516','David Kamau','M',''),('C517','Eunice Achieng','F','25'),('C518','Brian Otieno','M','18'),('C519','','F','25'),('C520','','M','34'),('C521','Eunice Achieng','F','25'),('C522','Eunice Achieng','F',''),('C523','','','45'),('C524','David Kamau','F','60'),('C525','Eunice Achieng','M','18'),('C526','Brian Otieno','F','34'),('C527','Eunice Achieng','F','18'),('C528','Eunice Achieng','','25'),('C529','David Kamau','','18'),('C530','','M',''),('C531','Alice Njeri','F','34'),('C532','','F','45'),('C533','Alice Njeri','F','60'),('C534','Eunice Achieng','','25'),('C535','','M','18'),('C536','','','34'),('C537','Alice Njeri','','25'),('C538','Brian Otieno','','34'),('C539','David Kamau','M','25'),('C540','David Kamau','','45'),('C541','David Kamau','','60'),('C542','Brian Otieno','','45'),('C543','','','34'),('C544','Alice Njeri','F','45'),('C545','David Kamau','M',''),('C546','Alice Njeri','F','25'),('C547','Eunice Achieng','M','60'),('C548','David Kamau','M',''),('C549','Alice Njeri','F','34'),('C550','Brian Otieno','F','34'),('C551','','F','45'),('C552','Eunice Achieng','M','18'),('C553','Alice Njeri','','60'),('C554','Alice Njeri','M','45'),('C555','','','25'),('C556','Eunice Achieng','','34'),('C557','David Kamau','',''),('C558','','F','45'),('C559','','','25'),('C560','Brian Otieno','','45'),('C561','David Kamau','M','60'),('C562','Eunice Achieng','','18'),('C563','','','45'),('C564','Alice Njeri','F','34'),('C565','David Kamau','M','45'),('C566','Eunice Achieng','','25'),('C567','David Kamau','','18'),('C568','David Kamau','F','45'),('C569','Eunice Achieng','M','60'),('C570','Alice Njeri','','34'),('C571','','','45'),('C572','','F','45'),('C573','Eunice Achieng','',''),('C574','Eunice Achieng','F','34'),('C575','David Kamau','F','60'),('C576','Brian Otieno','F','18'),('C577','Brian Otieno','M','45'),('C578','Brian Otieno','M','60'),('C579','Brian Otieno','M','18'),('C580','Brian Otieno','M',''),('C581','Eunice Achieng','F','34'),('C582','','','45'),('C583','Alice Njeri','M','25'),('C584','Brian Otieno','','60'),('C585','Brian Otieno','F',''),('C586','Eunice Achieng','M','60'),('C587','David Kamau','','18'),('C588','Brian Otieno','','34'),('C589','Alice Njeri','M','45'),('C590','Alice Njeri','',''),('C591','','F','18'),('C592','Brian Otieno','','60'),('C593','','F','34'),('C594','','M','25'),('C595','Brian Otieno','F','45'),('C596','','','45'),('C597','Brian Otieno','','45'),('C598','','','34'),('C599','Brian Otieno','','18'),('C600','David Kamau','F','45'),('C601','David Kamau','M','18'),('C602','','F','34'),('C603','','','45'),('C604','Eunice Achieng','M','60'),('C605','Alice Njeri','','18'),('C606','Brian Otieno','M','60'),('C607','Eunice Achieng','F','25'),('C608','Brian Otieno','M','18'),('C609','David Kamau','M',''),('C610','Alice Njeri','','45'),('C611','Brian Otieno','','18'),('C612','','F','45'),('C613','David Kamau','','18'),('C614','','F','18'),('C615','Brian Otieno','F','60'),('C616','Brian Otieno','F','25'),('C617','David Kamau','F','18'),('C618','Alice Njeri','','45'),('C619','','F','25'),('C620','','M',''),('C621','Alice Njeri','F','60'),('C622','Eunice Achieng','',''),('C623','Brian Otieno','M','34'),('C624','Brian Otieno','','25'),('C625','','','60'),('C626','','F','25'),('C627','David Kamau','','45'),('C628','Alice Njeri','','45'),('C629','','F','18'),('C630','David Kamau','M','34'),('C631','','','18'),('C632','David Kamau','M','45'),('C633','','','18'),('C634','','M','25'),('C635','Brian Otieno','','25'),('C636','David Kamau','F','60'),('C637','','','60'),('C638','Eunice Achieng','M','18'),('C639','Eunice Achieng','M','25'),('C640','','F','18'),('C641','','M','45'),('C642','Brian Otieno','F','60'),('C643','Alice Njeri','M','60'),('C644','Brian Otieno','M','34'),('C645','Brian Otieno','M','34'),('C646','Eunice Achieng','F','60'),('C647','Eunice Achieng','',''),('C648','Eunice Achieng','M','25'),('C649','Alice Njeri','M',''),('C650','Brian Otieno','M',''),('C651','Eunice Achieng','','60'),('C652','Eunice Achieng','F',''),('C653','Alice Njeri','M','25'),('C654','Alice Njeri','F','60'),('C655','Eunice Achieng','M','34'),('C656','','M',''),('C657','','','18'),('C658','','','45'),('C659','David Kamau','F','60'),('C660','','F','18'),('C661','','F',''),('C662','Eunice Achieng','F',''),('C663','Eunice Achieng','','18'),('C664','Brian Otieno','F','25'),('C665','Brian Otieno','F','60'),('C666','Brian Otieno','F','45'),('C667','','F','45'),('C668','Eunice Achieng','M','45'),('C669','Alice Njeri','',''),('C670','Eunice Achieng','','45'),('C671','Brian Otieno','','45'),('C672','Alice Njeri','F','60'),('C673','David Kamau','F',''),('C674','Eunice Achieng','M','34'),('C675','','','18'),('C676','Eunice Achieng','M','18'),('C677','Eunice Achieng','M',''),('C678','','M',''),('C679','','','45'),('C680','Eunice Achieng','','34'),('C681','Alice Njeri','','60'),('C682','','F','34'),('C683','Eunice Achieng','M','34'),('C684','David Kamau','F','60'),('C685','Alice Njeri','M','60'),('C686','David Kamau','F','60'),('C687','Brian Otieno','M','60'),('C688','David Kamau','M','18'),('C689','Eunice Achieng','F','60'),('C690','Eunice Achieng','F','34'),('C691','Alice Njeri','F',''),('C692','Alice Njeri','','60'),('C693','Alice Njeri','F',''),('C694','Eunice Achieng','','18'),('C695','Alice Njeri','M','18'),('C696','David Kamau','M','60'),('C697','David Kamau','M','45'),('C698','Eunice Achieng','','18'),('C699','David Kamau','','34'),('C700','','M','60'),('C701','Brian Otieno','F','45'),('C702','','M',''),('C703','Eunice Achieng','','34'),('C704','Brian Otieno','F','34'),('C705','Alice Njeri','','34'),('C706','Alice Njeri','M','34'),('C707','Brian Otieno','','60'),('C708','','','45'),('C709','Eunice Achieng','M',''),('C710','Eunice Achieng','M',''),('C711','','','25'),('C712','Eunice Achieng','','45'),('C713','Brian Otieno','M','18'),('C714','Alice Njeri','','18'),('C715','Brian Otieno','F','60'),('C716','Brian Otieno','F','34'),('C717','David Kamau','F','45'),('C718','','F','25'),('C719','Alice Njeri','',''),('C720','Eunice Achieng','','60'),('C721','David Kamau','F','18'),('C722','Eunice Achieng','M','34'),('C723','','','45'),('C724','David Kamau','M',''),('C725','Brian Otieno','M','60'),('C726','Eunice Achieng','F','45'),('C727','David Kamau','','25'),('C728','Alice Njeri','','18'),('C729','Brian Otieno','M','25'),('C730','','F','25'),('C731','Alice Njeri','M','60'),('C732','Alice Njeri','M','25'),('C733','Brian Otieno','','25'),('C734','David Kamau','F',''),('C735','','M','45'),('C736','David Kamau','','45'),('C737','David Kamau','','18'),('C738','Brian Otieno','',''),('C739','Eunice Achieng','M',''),('C740','Eunice Achieng','F','45'),('C741','','F','18'),('C742','Eunice Achieng','F','34'),('C743','Brian Otieno','F','25'),('C744','Brian Otieno','F','34'),('C745','David Kamau','F','45'),('C746','','','60'),('C747','Eunice Achieng','','25'),('C748','David Kamau','',''),('C749','David Kamau','','25'),('C750','Eunice Achieng','F',''),('C751','Brian Otieno','','45'),('C752','Brian Otieno','F','45'),('C753','Brian Otieno','M',''),('C754','Brian Otieno','M','18'),('C755','Brian Otieno','F','34'),('C756','Alice Njeri','','45'),('C757','David Kamau','M','25'),('C758','','','18'),('C759','David Kamau','F','18'),('C760','David Kamau','',''),('C761','David Kamau','','60'),('C762','David Kamau','M','34'),('C763','Brian Otieno','F','25'),('C764','Alice Njeri','M','34'),('C765','','F','25'),('C766','Alice Njeri','M','25'),('C767','David Kamau','M','45'),('C768','','F','60'),('C769','','F','45'),('C770','Eunice Achieng','M','45'),('C771','Eunice Achieng','M','45'),('C772','Eunice Achieng','','45'),('C773','','','60'),('C774','Alice Njeri','','45'),('C775','','M',''),('C776','Brian Otieno','F','18'),('C777','Alice Njeri','F',''),('C778','','','60'),('C779','Brian Otieno','M','45'),('C780','Eunice Achieng','','25'),('C781','David Kamau','M','18'),('C782','David Kamau','','60'),('C783','Alice Njeri','M','34'),('C784','David Kamau','','60'),('C785','Eunice Achieng','F','18'),('C786','','F','18'),('C787','Eunice Achieng','M','34'),('C788','Alice Njeri','M',''),('C789','','F','25'),('C790','Alice Njeri','M','25'),('C791','','M','18'),('C792','Alice Njeri','F','25'),('C793','Brian Otieno','M','25'),('C794','Eunice Achieng','','60'),('C795','','','18'),('C796','Brian Otieno','M','60'),('C797','David Kamau','M','18'),('C798','','',''),('C799','','','25'),('C550','Brian Otieno','F','34'),('C574','Eunice Achieng','F','34'),('C783','Alice Njeri','M','34'),('C750','Eunice Achieng','F',''),('C788','Alice Njeri','M',''),('C765','','F','25'),('C792','Alice Njeri','F','25'),('C635','Brian Otieno','','25'),('C537','Alice Njeri','','25'),('C566','Eunice Achieng','','25'),('C647','Eunice Achieng','',''),('C531','Alice Njeri','F','34'),('C601','David Kamau','M','18'),('C544','Alice Njeri','F','45'),('C611','Brian Otieno','','18'),('C543','','','34'),('C632','David Kamau','M','45'),('C798','','',''),('C603','','','45'),('C661','','F',''),('C699','David Kamau','','34'),('C695','Alice Njeri','M','18'),('C688','David Kamau','M','18'),('C679','','','45'),('C557','David Kamau','','');
/*!40000 ALTER TABLE customers_300 ENABLE KEYS */;
UNLOCK TABLES;

--
-- Table structure for table `inventory`
--

DROP TABLE IF EXISTS inventory;
/*!40101 SET @saved_cs_client     = @@character_set_client */;
/*!50503 SET character_set_client = utf8mb4 */;
CREATE TABLE inventory (
  inventory_id int DEFAULT NULL,
  product_id text,
  supplier_id text,
  stock_qty text,
  expiry_date text
) ENGINE=InnoDB DEFAULT CHARSET=utf8mb4 COLLATE=utf8mb4_0900_ai_ci;
/*!40101 SET character_set_client = @saved_cs_client */;

--
-- Dumping data for table `inventory`
--

LOCK TABLES inventory WRITE;
/*!40000 ALTER TABLE inventory DISABLE KEYS */;
INSERT INTO inventory VALUES (1,'P1057','S429','0','2024-12-05'),(2,'P1260','S476','100','2026-04-01'),(3,'P1062','S298','0','2024-06-29'),(4,'P1109','S293','','2025-01-04'),(5,'P1217','S364','100','2025-01-06'),(6,'P1162','S470','','2025-04-19'),(7,'P1269','S424','','2024-09-24'),(8,'P1067','S268','','2024-08-18'),(9,'P1157','S488','5','2025-06-29'),(10,'P1116','S369','0','2026-03-09'),(11,'P1203','S240','50','2026-01-01'),(12,'P1264','S475','5','2025-12-08'),(13,'P1079','S274','5','2025-01-02'),(14,'P1167','S331','100','2024-08-28'),(15,'P1237','S341','5','2026-05-14'),(16,'P1117','S365','0','2025-06-26'),(17,'P1075','S494','20','2025-08-15'),(18,'P1184','S490','20','2025-08-14'),(19,'P1173','S269','100','2024-12-05'),(20,'P1168','S491','100','2025-11-27'),(21,'P1116','S448','5','2025-07-01'),(22,'P1246','S404','0','2026-03-06'),(23,'P1190','S284','100','2025-11-25'),(24,'P1040','S346','100','2024-11-28'),(25,'P1076','S298','100','2025-09-27'),(26,'P1272','S454','100','2025-09-16'),(27,'P1023','S396','100','2025-12-02'),(28,'P1079','S423','5','2026-03-11'),(29,'P1086','S411','50','2025-01-17'),(30,'P1218','S338','5','2025-12-11'),(31,'P1289','S213','100','2024-09-17'),(32,'P1269','S367','100','2025-12-29'),(33,'P1012','S349','50','2023-12-21'),(34,'P1221','S235','20','2025-06-11'),(35,'P1204','S259','5','2024-03-08'),(36,'P1276','S344','','2024-05-16'),(37,'P1272','S318','5','2024-03-14'),(38,'P1151','S327','','2025-02-03'),(39,'P1295','S357','0','2024-11-20'),(40,'P1163','S450','','2024-09-27'),(41,'P1113','S460','100','2026-04-02'),(42,'P1183','S222','20','2024-04-08'),(43,'P1207','S246','','2023-11-29'),(44,'P1159','S402','5','2024-06-19'),(45,'P1296','S207','100','2025-08-03'),(46,'P1025','S423','5','2025-07-20'),(47,'P1028','S434','100','2025-05-02'),(48,'P1011','S419','','2024-12-21'),(49,'P1131','S231','','2026-03-14'),(50,'P1117','S485','100','2024-10-01'),(51,'P1150','S263','50','2024-05-15'),(52,'P1035','S206','50','2026-05-03'),(53,'P1168','S431','','2024-09-08'),(54,'P1119','S331','100','2024-02-24'),(55,'P1197','S306','0','2025-09-15'),(56,'P1256','S447','5','2025-01-21'),(57,'P1017','S462','20','2024-08-10'),(58,'P1000','S206','','2024-07-28'),(59,'P1135','S282','5','2024-05-04'),(60,'P1191','S408','100','2024-12-17'),(61,'P1206','S440','100','2025-04-25'),(62,'P1042','S451','20','2025-02-22'),(63,'P1161','S334','100','2024-04-02'),(64,'P1135','S470','100','2023-12-10'),(65,'P1176','S379','','2024-06-26'),(66,'P1260','S426','50','2024-08-10'),(67,'P1236','S232','0','2026-03-23'),(68,'P1221','S336','20','2024-10-08'),(69,'P1252','S266','50','2025-04-04'),(70,'P1258','S243','100','2023-12-11'),(71,'P1045','S393','50','2024-01-23'),(72,'P1121','S265','100','2026-01-25'),(73,'P1284','S466','0','2026-01-26'),(74,'P1156','S489','','2024-06-23'),(75,'P1144','S414','50','2025-07-03'),(76,'P1040','S206','5','2025-10-24'),(77,'P1002','S293','','2025-08-20'),(78,'P1110','S435','50','2025-05-20'),(79,'P1237','S302','0','2024-11-11'),(80,'P1151','S402','100','2025-05-15'),(81,'P1264','S328','100','2026-04-24'),(82,'P1171','S384','','2025-02-15'),(83,'P1250','S290','0','2024-03-02'),(84,'P1269','S317','0','2025-11-30'),(85,'P1238','S436','5','2025-09-23'),(86,'P1294','S363','5','2024-04-26'),(87,'P1247','S440','50','2024-02-24'),(88,'P1055','S232','0','2025-12-05'),(89,'P1125','S408','0','2024-05-28'),(90,'P1240','S442','','2026-04-10'),(91,'P1202','S341','100','2024-04-30'),(92,'P1016','S426','100','2024-03-06'),(93,'P1054','S446','20','2025-07-12'),(94,'P1126','S205','20','2025-08-06'),(95,'P1149','S315','100','2024-06-08'),(96,'P1261','S325','0','2025-07-09'),(97,'P1138','S354','20','2024-03-27'),(98,'P1288','S353','5','2025-07-24'),(99,'P1077','S382','','2025-11-15'),(100,'P1216','S472','','2026-03-29'),(101,'P1216','S247','5','2024-12-13'),(102,'P1299','S220','50','2025-07-04'),(103,'P1126','S372','0','2025-06-01'),(104,'P1143','S450','50','2025-03-28'),(105,'P1248','S336','20','2025-05-22'),(106,'P1247','S494','100','2025-09-14'),(107,'P1210','S430','50','2025-06-11'),(108,'P1211','S328','100','2024-04-25'),(109,'P1266','S311','20','2025-04-10'),(110,'P1177','S490','20','2025-02-08'),(111,'P1141','S432','','2026-01-19'),(112,'P1279','S488','5','2025-09-10'),(113,'P1219','S449','5','2025-11-02'),(114,'P1099','S376','20','2025-07-22'),(115,'P1068','S283','20','2025-11-12'),(116,'P1058','S301','','2025-10-24'),(117,'P1198','S352','100','2023-12-10'),(118,'P1212','S346','5','2023-12-15'),(119,'P1117','S444','20','2024-05-03'),(120,'P1110','S437','20','2025-08-09'),(121,'P1200','S244','20','2025-11-06'),(122,'P1251','S418','0','2023-12-01'),(123,'P1110','S271','50','2025-06-15'),(124,'P1266','S480','0','2025-05-08'),(125,'P1010','S463','','2026-04-25'),(126,'P1046','S288','100','2025-06-07'),(127,'P1201','S357','','2025-05-19'),(128,'P1075','S248','20','2026-03-05'),(129,'P1228','S411','5','2025-07-18'),(130,'P1055','S331','5','2024-12-17'),(131,'P1097','S344','100','2024-06-19'),(132,'P1179','S280','20','2023-12-20'),(133,'P1225','S423','0','2025-03-02'),(134,'P1039','S412','50','2025-03-27'),(135,'P1252','S496','20','2025-04-12'),(136,'P1120','S424','20','2025-04-19'),(137,'P1004','S428','0','2024-08-31'),(138,'P1297','S465','5','2025-05-18'),(139,'P1067','S444','50','2023-12-29'),(140,'P1229','S348','','2024-09-04'),(141,'P1003','S480','50','2024-02-02'),(142,'P1074','S289','5','2024-05-18'),(143,'P1173','S327','0','2024-10-20'),(144,'P1080','S407','50','2025-11-14'),(145,'P1022','S341','50','2025-11-28'),(146,'P1009','S239','100','2026-04-26'),(147,'P1198','S323','20','2026-03-30'),(148,'P1182','S224','0','2024-02-05'),(149,'P1114','S463','0','2024-03-27'),(150,'P1234','S437','5','2025-07-17'),(151,'P1065','S302','50','2025-12-09'),(152,'P1281','S245','5','2025-12-08'),(153,'P1018','S276','20','2025-08-09'),(154,'P1204','S240','20','2024-01-12'),(155,'P1089','S433','100','2024-12-03'),(156,'P1068','S222','5','2025-03-19'),(157,'P1186','S323','20','2025-02-25'),(158,'P1108','S402','100','2024-12-30'),(159,'P1091','S215','20','2024-10-22'),(160,'P1158','S311','0','2025-03-22'),(161,'P1256','S271','0','2025-06-17'),(162,'P1128','S464','100','2024-04-22'),(163,'P1178','S478','5','2024-12-15'),(164,'P1043','S289','0','2024-04-16'),(165,'P1132','S258','5','2024-06-17'),(166,'P1249','S405','100','2026-03-27'),(167,'P1002','S483','','2025-03-09'),(168,'P1074','S365','','2024-09-26'),(169,'P1019','S423','50','2024-11-20'),(170,'P1269','S259','0','2025-01-22'),(171,'P1089','S376','100','2024-05-24'),(172,'P1065','S277','50','2025-11-08'),(173,'P1265','S311','5','2025-02-02'),(174,'P1029','S235','0','2025-11-11'),(175,'P1124','S298','100','2026-04-21'),(176,'P1177','S232','0','2025-06-06'),(177,'P1097','S311','5','2024-01-07'),(178,'P1286','S279','50','2026-03-29'),(179,'P1099','S210','20','2023-12-15'),(180,'P1228','S288','5','2025-08-20'),(181,'P1032','S376','','2025-04-12'),(182,'P1020','S384','20','2025-10-08'),(183,'P1292','S334','','2024-10-30'),(184,'P1252','S272','20','2026-03-05'),(185,'P1208','S244','','2024-08-18'),(186,'P1292','S402','','2026-03-23'),(187,'P1140','S468','20','2025-10-05'),(188,'P1275','S257','5','2026-01-05'),(189,'P1128','S296','50','2025-09-23'),(190,'P1194','S322','5','2024-04-10'),(191,'P1283','S227','20','2024-05-13'),(192,'P1118','S209','100','2023-12-26'),(193,'P1051','S498','5','2025-01-12'),(194,'P1009','S400','50','2025-03-31'),(195,'P1019','S242','0','2024-03-14'),(196,'P1205','S247','5','2024-12-27'),(197,'P1168','S201','100','2025-10-20'),(198,'P1006','S437','100','2024-07-11'),(199,'P1176','S424','','2025-03-03'),(200,'P1105','S408','50','2025-09-03'),(201,'P1289','S203','0','2026-03-05'),(202,'P1077','S348','5','2024-07-08'),(203,'P1281','S220','50','2024-06-12'),(204,'P1249','S485','','2024-12-07'),(205,'P1081','S409','100','2025-10-08'),(206,'P1146','S493','','2025-04-09'),(207,'P1259','S251','100','2024-02-17'),(208,'P1092','S488','20','2024-01-26'),(209,'P1132','S253','100','2026-02-06'),(210,'P1009','S235','5','2024-07-08'),(211,'P1053','S402','','2026-01-01'),(212,'P1296','S278','0','2025-07-28'),(213,'P1165','S317','0','2023-12-19'),(214,'P1269','S380','100','2024-03-16'),(215,'P1277','S217','100','2024-02-02'),(216,'P1127','S273','0','2025-02-13'),(217,'P1159','S234','0','2024-08-18'),(218,'P1215','S357','20','2024-01-15'),(219,'P1148','S481','100','2026-03-08'),(220,'P1225','S366','0','2024-03-02'),(221,'P1110','S432','20','2024-04-27'),(222,'P1197','S287','5','2024-08-27'),(223,'P1041','S354','20','2025-10-20'),(224,'P1015','S291','','2024-02-02'),(225,'P1067','S389','','2024-02-28'),(226,'P1063','S363','20','2025-04-05'),(227,'P1287','S271','5','2025-01-21'),(228,'P1145','S368','100','2025-06-09'),(229,'P1238','S384','0','2025-08-27'),(230,'P1159','S226','5','2025-03-21'),(231,'P1013','S463','100','2024-02-07'),(232,'P1153','S496','100','2026-05-09'),(233,'P1036','S294','50','2024-04-08'),(234,'P1253','S374','','2024-12-02'),(235,'P1200','S213','50','2024-04-06'),(236,'P1202','S259','5','2025-03-23'),(237,'P1099','S357','5','2025-11-27'),(238,'P1031','S452','100','2025-08-26'),(239,'P1227','S258','100','2024-10-04'),(240,'P1256','S248','20','2025-11-07'),(241,'P1270','S260','20','2024-08-16'),(242,'P1033','S234','50','2024-10-10'),(243,'P1143','S465','50','2024-04-22'),(244,'P1160','S442','0','2024-10-29'),(245,'P1253','S233','20','2026-02-12'),(246,'P1151','S438','0','2024-08-14'),(247,'P1061','S420','5','2026-03-22'),(248,'P1022','S446','100','2025-03-06'),(249,'P1148','S277','100','2025-07-18'),(250,'P1207','S307','100','2024-08-30'),(251,'P1089','S219','','2025-06-28'),(252,'P1088','S200','5','2025-11-06'),(253,'P1086','S469','5','2025-09-28'),(254,'P1173','S483','20','2024-03-01'),(255,'P1199','S290','100','2025-12-01'),(256,'P1107','S499','20','2026-05-05'),(257,'P1095','S335','20','2024-08-06'),(258,'P1027','S388','','2024-01-31'),(259,'P1053','S337','5','2026-03-07'),(260,'P1243','S256','50','2024-03-30'),(261,'P1091','S293','5','2026-03-24'),(262,'P1153','S317','100','2024-11-29'),(263,'P1094','S411','50','2025-07-03'),(264,'P1163','S400','100','2026-02-14'),(265,'P1120','S335','50','2025-07-12'),(266,'P1026','S431','20','2025-04-03'),(267,'P1252','S432','100','2025-01-01'),(268,'P1128','S405','20','2024-10-03'),(269,'P1285','S403','50','2025-08-03'),(270,'P1232','S496','100','2025-07-03'),(271,'P1067','S216','100','2025-09-23'),(272,'P1233','S285','20','2024-05-05'),(273,'P1014','S239','20','2024-06-06'),(274,'P1253','S289','5','2024-06-13'),(275,'P1263','S493','5','2024-09-18'),(276,'P1062','S364','0','2024-02-02'),(277,'P1011','S232','','2025-02-08'),(278,'P1121','S244','','2025-02-21'),(279,'P1287','S353','50','2024-02-26'),(280,'P1269','S343','100','2025-01-24'),(281,'P1249','S349','20','2025-09-24'),(282,'P1052','S265','100','2026-04-18'),(283,'P1182','S215','100','2025-01-25'),(284,'P1150','S300','','2025-08-16'),(285,'P1201','S356','5','2024-06-19'),(286,'P1087','S291','','2025-03-03'),(287,'P1044','S315','100','2025-11-30'),(288,'P1152','S438','5','2024-03-10'),(289,'P1114','S360','','2024-07-19'),(290,'P1149','S415','50','2025-12-10'),(291,'P1059','S278','100','2024-09-10'),(292,'P1175','S490','','2025-03-25'),(293,'P1157','S291','100','2024-03-27'),(294,'P1269','S258','5','2026-01-17'),(295,'P1251','S222','50','2024-08-06'),(296,'P1136','S348','','2024-07-19'),(297,'P1087','S368','5','2025-09-26'),(298,'P1235','S441','50','2023-12-12'),(299,'P1260','S478','20','2025-05-02'),(300,'P1060','S316','50','2024-03-26'),(205,'P1081','S409','100','2025-10-08'),(89,'P1125','S408','0','2024-05-28'),(183,'P1292','S334','','2024-10-30'),(114,'P1099','S376','20','2025-07-22'),(193,'P1051','S498','5','2025-01-12'),(141,'P1003','S480','50','2024-02-02'),(48,'P1011','S419','','2024-12-21'),(17,'P1075','S494','20','2025-08-15'),(68,'P1221','S336','20','2024-10-08'),(50,'P1117','S485','100','2024-10-01'),(101,'P1216','S247','5','2024-12-13'),(229,'P1238','S384','0','2025-08-27'),(239,'P1227','S258','100','2024-10-04'),(60,'P1191','S408','100','2024-12-17'),(45,'P1296','S207','100','2025-08-03'),(173,'P1265','S311','5','2025-02-02'),(52,'P1035','S206','50','2026-05-03'),(273,'P1014','S239','20','2024-06-06'),(204,'P1249','S485','','2024-12-07'),(240,'P1256','S248','20','2025-11-07'),(146,'P1009','S239','100','2026-04-26'),(20,'P1168','S491','100','2025-11-27'),(184,'P1252','S272','20','2026-03-05'),(223,'P1041','S354','20','2025-10-20'),(131,'P1097','S344','100','2024-06-19'),(22,'P1246','S404','0','2026-03-06'),(130,'P1055','S331','5','2024-12-17'),(71,'P1045','S393','50','2024-01-23'),(191,'P1283','S227','20','2024-05-13'),(251,'P1089','S219','','2025-06-28');
/*!40000 ALTER TABLE inventory ENABLE KEYS */;
UNLOCK TABLES;

--
-- Table structure for table `inventory2`
--

DROP TABLE IF EXISTS inventory2;
/*!40101 SET @saved_cs_client     = @@character_set_client */;
/*!50503 SET character_set_client = utf8mb4 */;
CREATE TABLE inventory2 (
  inventory_id int NOT NULL,
  product_id varchar(20) DEFAULT NULL,
  supplier_id varchar(20) DEFAULT NULL,
  stock_qty int DEFAULT NULL,
  expiry_date text,
  PRIMARY KEY (inventory_id),
  KEY supplier_id (supplier_id),
  CONSTRAINT inventory2_ibfk_1 FOREIGN KEY (supplier_id) REFERENCES suppliers2 (supplier_id),
  CONSTRAINT inventory2_ibfk_2 FOREIGN KEY (supplier_id) REFERENCES suppliers2 (supplier_id)
) ENGINE=InnoDB DEFAULT CHARSET=utf8mb4 COLLATE=utf8mb4_0900_ai_ci;
/*!40101 SET character_set_client = @saved_cs_client */;

--
-- Dumping data for table `inventory2`
--

LOCK TABLES inventory2 WRITE;
/*!40000 ALTER TABLE inventory2 DISABLE KEYS */;
INSERT INTO inventory2 VALUES (1,'P1057','S429',0,'2024-12-05'),(2,'P1260','S476',100,'2026-04-01'),(3,'P1062','S298',0,'2024-06-29'),(4,'P1109','S293',NULL,'2025-01-04'),(5,'P1217','S364',100,'2025-01-06'),(6,'P1162','S470',NULL,'2025-04-19'),(7,'P1269','S424',NULL,'2024-09-24'),(8,'P1067','S268',NULL,'2024-08-18'),(9,'P1157','S488',5,'2025-06-29'),(10,'P1116','S369',0,'2026-03-09'),(11,'P1203','S240',50,'2026-01-01'),(12,'P1264','S475',5,'2025-12-08'),(13,'P1079','S274',5,'2025-01-02'),(14,'P1167','S331',100,'2024-08-28'),(15,'P1237','S341',5,'2026-05-14'),(16,'P1117','S365',0,'2025-06-26'),(17,'P1075','S494',20,'2025-08-15'),(18,'P1184','S490',20,'2025-08-14'),(19,'P1173','S269',100,'2024-12-05'),(20,'P1168','S491',100,'2025-11-27'),(21,'P1116','S448',5,'2025-07-01'),(22,'P1246','S404',0,'2026-03-06'),(23,'P1190','S284',100,'2025-11-25'),(24,'P1040','S346',100,'2024-11-28'),(25,'P1076','S298',100,'2025-09-27'),(26,'P1272','S454',100,'2025-09-16'),(27,'P1023','S396',100,'2025-12-02'),(28,'P1079','S423',5,'2026-03-11'),(29,'P1086','S411',50,'2025-01-17'),(30,'P1218','S338',5,'2025-12-11'),(31,'P1289','S213',100,'2024-09-17'),(32,'P1269','S367',100,'2025-12-29'),(33,'P1012','S349',50,'2023-12-21'),(34,'P1221','S235',20,'2025-06-11'),(35,'P1204','S259',5,'2024-03-08'),(36,'P1276','S344',NULL,'2024-05-16'),(37,'P1272','S318',5,'2024-03-14'),(38,'P1151','S327',NULL,'2025-02-03'),(39,'P1295','S357',0,'2024-11-20'),(40,'P1163','S450',NULL,'2024-09-27'),(41,'P1113','S460',100,'2026-04-02'),(42,'P1183','S222',20,'2024-04-08'),(43,'P1207','S246',NULL,'2023-11-29'),(44,'P1159','S402',5,'2024-06-19'),(45,'P1296','S207',100,'2025-08-03'),(46,'P1025','S423',5,'2025-07-20'),(47,'P1028','S434',100,'2025-05-02'),(48,'P1011','S419',NULL,'2024-12-21'),(49,'P1131','S231',NULL,'2026-03-14'),(50,'P1117','S485',100,'2024-10-01'),(51,'P1150','S263',50,'2024-05-15'),(52,'P1035','S206',50,'2026-05-03'),(53,'P1168','S431',NULL,'2024-09-08'),(54,'P1119','S331',100,'2024-02-24'),(55,'P1197','S306',0,'2025-09-15'),(56,'P1256','S447',5,'2025-01-21'),(57,'P1017','S462',20,'2024-08-10'),(58,'P1000','S206',NULL,'2024-07-28'),(59,'P1135','S282',5,'2024-05-04'),(60,'P1191','S408',100,'2024-12-17'),(61,'P1206','S440',100,'2025-04-25'),(62,'P1042','S451',20,'2025-02-22'),(63,'P1161','S334',100,'2024-04-02'),(64,'P1135','S470',100,'2023-12-10'),(65,'P1176','S379',NULL,'2024-06-26'),(66,'P1260','S426',50,'2024-08-10'),(67,'P1236','S232',0,'2026-03-23'),(68,'P1221','S336',20,'2024-10-08'),(69,'P1252','S266',50,'2025-04-04'),(70,'P1258','S243',100,'2023-12-11'),(71,'P1045','S393',50,'2024-01-23'),(72,'P1121','S265',100,'2026-01-25'),(73,'P1284','S466',0,'2026-01-26'),(74,'P1156','S489',NULL,'2024-06-23'),(75,'P1144','S414',50,'2025-07-03'),(76,'P1040','S206',5,'2025-10-24'),(77,'P1002','S293',NULL,'2025-08-20'),(78,'P1110','S435',50,'2025-05-20'),(79,'P1237','S302',0,'2024-11-11'),(80,'P1151','S402',100,'2025-05-15'),(81,'P1264','S328',100,'2026-04-24'),(82,'P1171','S384',NULL,'2025-02-15'),(83,'P1250','S290',0,'2024-03-02'),(84,'P1269','S317',0,'2025-11-30'),(85,'P1238','S436',5,'2025-09-23'),(86,'P1294','S363',5,'2024-04-26'),(87,'P1247','S440',50,'2024-02-24'),(88,'P1055','S232',0,'2025-12-05'),(89,'P1125','S408',0,'2024-05-28'),(90,'P1240','S442',NULL,'2026-04-10'),(91,'P1202','S341',100,'2024-04-30'),(92,'P1016','S426',100,'2024-03-06'),(93,'P1054','S446',20,'2025-07-12'),(94,'P1126','S205',20,'2025-08-06'),(95,'P1149','S315',100,'2024-06-08'),(96,'P1261','S325',0,'2025-07-09'),(97,'P1138','S354',20,'2024-03-27'),(98,'P1288','S353',5,'2025-07-24'),(99,'P1077','S382',NULL,'2025-11-15'),(100,'P1216','S472',NULL,'2026-03-29'),(101,'P1216','S247',5,'2024-12-13'),(102,'P1299','S220',50,'2025-07-04'),(103,'P1126','S372',0,'2025-06-01'),(104,'P1143','S450',50,'2025-03-28'),(105,'P1248','S336',20,'2025-05-22'),(106,'P1247','S494',100,'2025-09-14'),(107,'P1210','S430',50,'2025-06-11'),(108,'P1211','S328',100,'2024-04-25'),(109,'P1266','S311',20,'2025-04-10'),(110,'P1177','S490',20,'2025-02-08'),(111,'P1141','S432',NULL,'2026-01-19'),(112,'P1279','S488',5,'2025-09-10'),(113,'P1219','S449',5,'2025-11-02'),(114,'P1099','S376',20,'2025-07-22'),(115,'P1068','S283',20,'2025-11-12'),(116,'P1058','S301',NULL,'2025-10-24'),(117,'P1198','S352',100,'2023-12-10'),(118,'P1212','S346',5,'2023-12-15'),(119,'P1117','S444',20,'2024-05-03'),(120,'P1110','S437',20,'2025-08-09'),(121,'P1200','S244',20,'2025-11-06'),(122,'P1251','S418',0,'2023-12-01'),(123,'P1110','S271',50,'2025-06-15'),(124,'P1266','S480',0,'2025-05-08'),(125,'P1010','S463',NULL,'2026-04-25'),(126,'P1046','S288',100,'2025-06-07'),(127,'P1201','S357',NULL,'2025-05-19'),(128,'P1075','S248',20,'2026-03-05'),(129,'P1228','S411',5,'2025-07-18'),(130,'P1055','S331',5,'2024-12-17'),(131,'P1097','S344',100,'2024-06-19'),(132,'P1179','S280',20,'2023-12-20'),(133,'P1225','S423',0,'2025-03-02'),(134,'P1039','S412',50,'2025-03-27'),(135,'P1252','S496',20,'2025-04-12'),(136,'P1120','S424',20,'2025-04-19'),(137,'P1004','S428',0,'2024-08-31'),(138,'P1297','S465',5,'2025-05-18'),(139,'P1067','S444',50,'2023-12-29'),(140,'P1229','S348',NULL,'2024-09-04'),(141,'P1003','S480',50,'2024-02-02'),(142,'P1074','S289',5,'2024-05-18'),(143,'P1173','S327',0,'2024-10-20'),(144,'P1080','S407',50,'2025-11-14'),(145,'P1022','S341',50,'2025-11-28'),(146,'P1009','S239',100,'2026-04-26'),(147,'P1198','S323',20,'2026-03-30'),(148,'P1182','S224',0,'2024-02-05'),(149,'P1114','S463',0,'2024-03-27'),(150,'P1234','S437',5,'2025-07-17'),(151,'P1065','S302',50,'2025-12-09'),(152,'P1281','S245',5,'2025-12-08'),(153,'P1018','S276',20,'2025-08-09'),(154,'P1204','S240',20,'2024-01-12'),(155,'P1089','S433',100,'2024-12-03'),(156,'P1068','S222',5,'2025-03-19'),(157,'P1186','S323',20,'2025-02-25'),(158,'P1108','S402',100,'2024-12-30'),(159,'P1091','S215',20,'2024-10-22'),(160,'P1158','S311',0,'2025-03-22'),(161,'P1256','S271',0,'2025-06-17'),(162,'P1128','S464',100,'2024-04-22'),(163,'P1178','S478',5,'2024-12-15'),(164,'P1043','S289',0,'2024-04-16'),(165,'P1132','S258',5,'2024-06-17'),(166,'P1249','S405',100,'2026-03-27'),(167,'P1002','S483',NULL,'2025-03-09'),(168,'P1074','S365',NULL,'2024-09-26'),(169,'P1019','S423',50,'2024-11-20'),(170,'P1269','S259',0,'2025-01-22'),(171,'P1089','S376',100,'2024-05-24'),(172,'P1065','S277',50,'2025-11-08'),(173,'P1265','S311',5,'2025-02-02'),(174,'P1029','S235',0,'2025-11-11'),(175,'P1124','S298',100,'2026-04-21'),(176,'P1177','S232',0,'2025-06-06'),(177,'P1097','S311',5,'2024-01-07'),(178,'P1286','S279',50,'2026-03-29'),(179,'P1099','S210',20,'2023-12-15'),(180,'P1228','S288',5,'2025-08-20'),(181,'P1032','S376',NULL,'2025-04-12'),(182,'P1020','S384',20,'2025-10-08'),(183,'P1292','S334',NULL,'2024-10-30'),(184,'P1252','S272',20,'2026-03-05'),(185,'P1208','S244',NULL,'2024-08-18'),(186,'P1292','S402',NULL,'2026-03-23'),(187,'P1140','S468',20,'2025-10-05'),(188,'P1275','S257',5,'2026-01-05'),(189,'P1128','S296',50,'2025-09-23'),(190,'P1194','S322',5,'2024-04-10'),(191,'P1283','S227',20,'2024-05-13'),(192,'P1118','S209',100,'2023-12-26'),(193,'P1051','S498',5,'2025-01-12'),(194,'P1009','S400',50,'2025-03-31'),(195,'P1019','S242',0,'2024-03-14'),(196,'P1205','S247',5,'2024-12-27'),(197,'P1168','S201',100,'2025-10-20'),(198,'P1006','S437',100,'2024-07-11'),(199,'P1176','S424',NULL,'2025-03-03'),(200,'P1105','S408',50,'2025-09-03'),(201,'P1289','S203',0,'2026-03-05'),(202,'P1077','S348',5,'2024-07-08'),(203,'P1281','S220',50,'2024-06-12'),(204,'P1249','S485',NULL,'2024-12-07'),(205,'P1081','S409',100,'2025-10-08'),(206,'P1146','S493',NULL,'2025-04-09'),(207,'P1259','S251',100,'2024-02-17'),(208,'P1092','S488',20,'2024-01-26'),(209,'P1132','S253',100,'2026-02-06'),(210,'P1009','S235',5,'2024-07-08'),(211,'P1053','S402',NULL,'2026-01-01'),(212,'P1296','S278',0,'2025-07-28'),(213,'P1165','S317',0,'2023-12-19'),(214,'P1269','S380',100,'2024-03-16'),(215,'P1277','S217',100,'2024-02-02'),(216,'P1127','S273',0,'2025-02-13'),(217,'P1159','S234',0,'2024-08-18'),(218,'P1215','S357',20,'2024-01-15'),(219,'P1148','S481',100,'2026-03-08'),(220,'P1225','S366',0,'2024-03-02'),(221,'P1110','S432',20,'2024-04-27'),(222,'P1197','S287',5,'2024-08-27'),(223,'P1041','S354',20,'2025-10-20'),(224,'P1015','S291',NULL,'2024-02-02'),(225,'P1067','S389',NULL,'2024-02-28'),(226,'P1063','S363',20,'2025-04-05'),(227,'P1287','S271',5,'2025-01-21'),(228,'P1145','S368',100,'2025-06-09'),(229,'P1238','S384',0,'2025-08-27'),(230,'P1159','S226',5,'2025-03-21'),(231,'P1013','S463',100,'2024-02-07'),(232,'P1153','S496',100,'2026-05-09'),(233,'P1036','S294',50,'2024-04-08'),(234,'P1253','S374',NULL,'2024-12-02'),(235,'P1200','S213',50,'2024-04-06'),(236,'P1202','S259',5,'2025-03-23'),(237,'P1099','S357',5,'2025-11-27'),(238,'P1031','S452',100,'2025-08-26'),(239,'P1227','S258',100,'2024-10-04'),(240,'P1256','S248',20,'2025-11-07'),(241,'P1270','S260',20,'2024-08-16'),(242,'P1033','S234',50,'2024-10-10'),(243,'P1143','S465',50,'2024-04-22'),(244,'P1160','S442',0,'2024-10-29'),(245,'P1253','S233',20,'2026-02-12'),(246,'P1151','S438',0,'2024-08-14'),(247,'P1061','S420',5,'2026-03-22'),(248,'P1022','S446',100,'2025-03-06'),(249,'P1148','S277',100,'2025-07-18'),(250,'P1207','S307',100,'2024-08-30'),(251,'P1089','S219',NULL,'2025-06-28'),(252,'P1088','S200',5,'2025-11-06'),(253,'P1086','S469',5,'2025-09-28'),(254,'P1173','S483',20,'2024-03-01'),(255,'P1199','S290',100,'2025-12-01'),(256,'P1107','S499',20,'2026-05-05'),(257,'P1095','S335',20,'2024-08-06'),(258,'P1027','S388',NULL,'2024-01-31'),(259,'P1053','S337',5,'2026-03-07'),(260,'P1243','S256',50,'2024-03-30'),(261,'P1091','S293',5,'2026-03-24'),(262,'P1153','S317',100,'2024-11-29'),(263,'P1094','S411',50,'2025-07-03'),(264,'P1163','S400',100,'2026-02-14'),(265,'P1120','S335',50,'2025-07-12'),(266,'P1026','S431',20,'2025-04-03'),(267,'P1252','S432',100,'2025-01-01'),(268,'P1128','S405',20,'2024-10-03'),(269,'P1285','S403',50,'2025-08-03'),(270,'P1232','S496',100,'2025-07-03'),(271,'P1067','S216',100,'2025-09-23'),(272,'P1233','S285',20,'2024-05-05'),(273,'P1014','S239',20,'2024-06-06'),(274,'P1253','S289',5,'2024-06-13'),(275,'P1263','S493',5,'2024-09-18'),(276,'P1062','S364',0,'2024-02-02'),(277,'P1011','S232',NULL,'2025-02-08'),(278,'P1121','S244',NULL,'2025-02-21'),(279,'P1287','S353',50,'2024-02-26'),(280,'P1269','S343',100,'2025-01-24'),(281,'P1249','S349',20,'2025-09-24'),(282,'P1052','S265',100,'2026-04-18'),(283,'P1182','S215',100,'2025-01-25'),(284,'P1150','S300',NULL,'2025-08-16'),(285,'P1201','S356',5,'2024-06-19'),(286,'P1087','S291',NULL,'2025-03-03'),(287,'P1044','S315',100,'2025-11-30'),(288,'P1152','S438',5,'2024-03-10'),(289,'P1114','S360',NULL,'2024-07-19'),(290,'P1149','S415',50,'2025-12-10'),(291,'P1059','S278',100,'2024-09-10'),(292,'P1175','S490',NULL,'2025-03-25'),(293,'P1157','S291',100,'2024-03-27'),(294,'P1269','S258',5,'2026-01-17'),(295,'P1251','S222',50,'2024-08-06'),(296,'P1136','S348',NULL,'2024-07-19'),(297,'P1087','S368',5,'2025-09-26'),(298,'P1235','S441',50,'2023-12-12'),(299,'P1260','S478',20,'2025-05-02'),(300,'P1060','S316',50,'2024-03-26');
/*!40000 ALTER TABLE inventory2 ENABLE KEYS */;
UNLOCK TABLES;

--
-- Table structure for table `inventory_300`
--

DROP TABLE IF EXISTS inventory_300;
/*!40101 SET @saved_cs_client     = @@character_set_client */;
/*!50503 SET character_set_client = utf8mb4 */;
CREATE TABLE inventory_300 (
  inventory_id int DEFAULT NULL,
  product_id text,
  supplier_id text,
  stock_qty text,
  expiry_date text
) ENGINE=InnoDB DEFAULT CHARSET=utf8mb4 COLLATE=utf8mb4_0900_ai_ci;
/*!40101 SET character_set_client = @saved_cs_client */;

--
-- Dumping data for table `inventory_300`
--

LOCK TABLES inventory_300 WRITE;
/*!40000 ALTER TABLE inventory_300 DISABLE KEYS */;
INSERT INTO inventory_300 VALUES (1,'P1057','S429','0','2024-12-05'),(2,'P1260','S476','100','2026-04-01'),(3,'P1062','S298','0','2024-06-29'),(4,'P1109','S293','','2025-01-04'),(5,'P1217','S364','100','2025-01-06'),(6,'P1162','S470','','2025-04-19'),(7,'P1269','S424','','2024-09-24'),(8,'P1067','S268','','2024-08-18'),(9,'P1157','S488','5','2025-06-29'),(10,'P1116','S369','0','2026-03-09'),(11,'P1203','S240','50','2026-01-01'),(12,'P1264','S475','5','2025-12-08'),(13,'P1079','S274','5','2025-01-02'),(14,'P1167','S331','100','2024-08-28'),(15,'P1237','S341','5','2026-05-14'),(16,'P1117','S365','0','2025-06-26'),(17,'P1075','S494','20','2025-08-15'),(18,'P1184','S490','20','2025-08-14'),(19,'P1173','S269','100','2024-12-05'),(20,'P1168','S491','100','2025-11-27'),(21,'P1116','S448','5','2025-07-01'),(22,'P1246','S404','0','2026-03-06'),(23,'P1190','S284','100','2025-11-25'),(24,'P1040','S346','100','2024-11-28'),(25,'P1076','S298','100','2025-09-27'),(26,'P1272','S454','100','2025-09-16'),(27,'P1023','S396','100','2025-12-02'),(28,'P1079','S423','5','2026-03-11'),(29,'P1086','S411','50','2025-01-17'),(30,'P1218','S338','5','2025-12-11'),(31,'P1289','S213','100','2024-09-17'),(32,'P1269','S367','100','2025-12-29'),(33,'P1012','S349','50','2023-12-21'),(34,'P1221','S235','20','2025-06-11'),(35,'P1204','S259','5','2024-03-08'),(36,'P1276','S344','','2024-05-16'),(37,'P1272','S318','5','2024-03-14'),(38,'P1151','S327','','2025-02-03'),(39,'P1295','S357','0','2024-11-20'),(40,'P1163','S450','','2024-09-27'),(41,'P1113','S460','100','2026-04-02'),(42,'P1183','S222','20','2024-04-08'),(43,'P1207','S246','','2023-11-29'),(44,'P1159','S402','5','2024-06-19'),(45,'P1296','S207','100','2025-08-03'),(46,'P1025','S423','5','2025-07-20'),(47,'P1028','S434','100','2025-05-02'),(48,'P1011','S419','','2024-12-21'),(49,'P1131','S231','','2026-03-14'),(50,'P1117','S485','100','2024-10-01'),(51,'P1150','S263','50','2024-05-15'),(52,'P1035','S206','50','2026-05-03'),(53,'P1168','S431','','2024-09-08'),(54,'P1119','S331','100','2024-02-24'),(55,'P1197','S306','0','2025-09-15'),(56,'P1256','S447','5','2025-01-21'),(57,'P1017','S462','20','2024-08-10'),(58,'P1000','S206','','2024-07-28'),(59,'P1135','S282','5','2024-05-04'),(60,'P1191','S408','100','2024-12-17'),(61,'P1206','S440','100','2025-04-25'),(62,'P1042','S451','20','2025-02-22'),(63,'P1161','S334','100','2024-04-02'),(64,'P1135','S470','100','2023-12-10'),(65,'P1176','S379','','2024-06-26'),(66,'P1260','S426','50','2024-08-10'),(67,'P1236','S232','0','2026-03-23'),(68,'P1221','S336','20','2024-10-08'),(69,'P1252','S266','50','2025-04-04'),(70,'P1258','S243','100','2023-12-11'),(71,'P1045','S393','50','2024-01-23'),(72,'P1121','S265','100','2026-01-25'),(73,'P1284','S466','0','2026-01-26'),(74,'P1156','S489','','2024-06-23'),(75,'P1144','S414','50','2025-07-03'),(76,'P1040','S206','5','2025-10-24'),(77,'P1002','S293','','2025-08-20'),(78,'P1110','S435','50','2025-05-20'),(79,'P1237','S302','0','2024-11-11'),(80,'P1151','S402','100','2025-05-15'),(81,'P1264','S328','100','2026-04-24'),(82,'P1171','S384','','2025-02-15'),(83,'P1250','S290','0','2024-03-02'),(84,'P1269','S317','0','2025-11-30'),(85,'P1238','S436','5','2025-09-23'),(86,'P1294','S363','5','2024-04-26'),(87,'P1247','S440','50','2024-02-24'),(88,'P1055','S232','0','2025-12-05'),(89,'P1125','S408','0','2024-05-28'),(90,'P1240','S442','','2026-04-10'),(91,'P1202','S341','100','2024-04-30'),(92,'P1016','S426','100','2024-03-06'),(93,'P1054','S446','20','2025-07-12'),(94,'P1126','S205','20','2025-08-06'),(95,'P1149','S315','100','2024-06-08'),(96,'P1261','S325','0','2025-07-09'),(97,'P1138','S354','20','2024-03-27'),(98,'P1288','S353','5','2025-07-24'),(99,'P1077','S382','','2025-11-15'),(100,'P1216','S472','','2026-03-29'),(101,'P1216','S247','5','2024-12-13'),(102,'P1299','S220','50','2025-07-04'),(103,'P1126','S372','0','2025-06-01'),(104,'P1143','S450','50','2025-03-28'),(105,'P1248','S336','20','2025-05-22'),(106,'P1247','S494','100','2025-09-14'),(107,'P1210','S430','50','2025-06-11'),(108,'P1211','S328','100','2024-04-25'),(109,'P1266','S311','20','2025-04-10'),(110,'P1177','S490','20','2025-02-08'),(111,'P1141','S432','','2026-01-19'),(112,'P1279','S488','5','2025-09-10'),(113,'P1219','S449','5','2025-11-02'),(114,'P1099','S376','20','2025-07-22'),(115,'P1068','S283','20','2025-11-12'),(116,'P1058','S301','','2025-10-24'),(117,'P1198','S352','100','2023-12-10'),(118,'P1212','S346','5','2023-12-15'),(119,'P1117','S444','20','2024-05-03'),(120,'P1110','S437','20','2025-08-09'),(121,'P1200','S244','20','2025-11-06'),(122,'P1251','S418','0','2023-12-01'),(123,'P1110','S271','50','2025-06-15'),(124,'P1266','S480','0','2025-05-08'),(125,'P1010','S463','','2026-04-25'),(126,'P1046','S288','100','2025-06-07'),(127,'P1201','S357','','2025-05-19'),(128,'P1075','S248','20','2026-03-05'),(129,'P1228','S411','5','2025-07-18'),(130,'P1055','S331','5','2024-12-17'),(131,'P1097','S344','100','2024-06-19'),(132,'P1179','S280','20','2023-12-20'),(133,'P1225','S423','0','2025-03-02'),(134,'P1039','S412','50','2025-03-27'),(135,'P1252','S496','20','2025-04-12'),(136,'P1120','S424','20','2025-04-19'),(137,'P1004','S428','0','2024-08-31'),(138,'P1297','S465','5','2025-05-18'),(139,'P1067','S444','50','2023-12-29'),(140,'P1229','S348','','2024-09-04'),(141,'P1003','S480','50','2024-02-02'),(142,'P1074','S289','5','2024-05-18'),(143,'P1173','S327','0','2024-10-20'),(144,'P1080','S407','50','2025-11-14'),(145,'P1022','S341','50','2025-11-28'),(146,'P1009','S239','100','2026-04-26'),(147,'P1198','S323','20','2026-03-30'),(148,'P1182','S224','0','2024-02-05'),(149,'P1114','S463','0','2024-03-27'),(150,'P1234','S437','5','2025-07-17'),(151,'P1065','S302','50','2025-12-09'),(152,'P1281','S245','5','2025-12-08'),(153,'P1018','S276','20','2025-08-09'),(154,'P1204','S240','20','2024-01-12'),(155,'P1089','S433','100','2024-12-03'),(156,'P1068','S222','5','2025-03-19'),(157,'P1186','S323','20','2025-02-25'),(158,'P1108','S402','100','2024-12-30'),(159,'P1091','S215','20','2024-10-22'),(160,'P1158','S311','0','2025-03-22'),(161,'P1256','S271','0','2025-06-17'),(162,'P1128','S464','100','2024-04-22'),(163,'P1178','S478','5','2024-12-15'),(164,'P1043','S289','0','2024-04-16'),(165,'P1132','S258','5','2024-06-17'),(166,'P1249','S405','100','2026-03-27'),(167,'P1002','S483','','2025-03-09'),(168,'P1074','S365','','2024-09-26'),(169,'P1019','S423','50','2024-11-20'),(170,'P1269','S259','0','2025-01-22'),(171,'P1089','S376','100','2024-05-24'),(172,'P1065','S277','50','2025-11-08'),(173,'P1265','S311','5','2025-02-02'),(174,'P1029','S235','0','2025-11-11'),(175,'P1124','S298','100','2026-04-21'),(176,'P1177','S232','0','2025-06-06'),(177,'P1097','S311','5','2024-01-07'),(178,'P1286','S279','50','2026-03-29'),(179,'P1099','S210','20','2023-12-15'),(180,'P1228','S288','5','2025-08-20'),(181,'P1032','S376','','2025-04-12'),(182,'P1020','S384','20','2025-10-08'),(183,'P1292','S334','','2024-10-30'),(184,'P1252','S272','20','2026-03-05'),(185,'P1208','S244','','2024-08-18'),(186,'P1292','S402','','2026-03-23'),(187,'P1140','S468','20','2025-10-05'),(188,'P1275','S257','5','2026-01-05'),(189,'P1128','S296','50','2025-09-23'),(190,'P1194','S322','5','2024-04-10'),(191,'P1283','S227','20','2024-05-13'),(192,'P1118','S209','100','2023-12-26'),(193,'P1051','S498','5','2025-01-12'),(194,'P1009','S400','50','2025-03-31'),(195,'P1019','S242','0','2024-03-14'),(196,'P1205','S247','5','2024-12-27'),(197,'P1168','S201','100','2025-10-20'),(198,'P1006','S437','100','2024-07-11'),(199,'P1176','S424','','2025-03-03'),(200,'P1105','S408','50','2025-09-03'),(201,'P1289','S203','0','2026-03-05'),(202,'P1077','S348','5','2024-07-08'),(203,'P1281','S220','50','2024-06-12'),(204,'P1249','S485','','2024-12-07'),(205,'P1081','S409','100','2025-10-08'),(206,'P1146','S493','','2025-04-09'),(207,'P1259','S251','100','2024-02-17'),(208,'P1092','S488','20','2024-01-26'),(209,'P1132','S253','100','2026-02-06'),(210,'P1009','S235','5','2024-07-08'),(211,'P1053','S402','','2026-01-01'),(212,'P1296','S278','0','2025-07-28'),(213,'P1165','S317','0','2023-12-19'),(214,'P1269','S380','100','2024-03-16'),(215,'P1277','S217','100','2024-02-02'),(216,'P1127','S273','0','2025-02-13'),(217,'P1159','S234','0','2024-08-18'),(218,'P1215','S357','20','2024-01-15'),(219,'P1148','S481','100','2026-03-08'),(220,'P1225','S366','0','2024-03-02'),(221,'P1110','S432','20','2024-04-27'),(222,'P1197','S287','5','2024-08-27'),(223,'P1041','S354','20','2025-10-20'),(224,'P1015','S291','','2024-02-02'),(225,'P1067','S389','','2024-02-28'),(226,'P1063','S363','20','2025-04-05'),(227,'P1287','S271','5','2025-01-21'),(228,'P1145','S368','100','2025-06-09'),(229,'P1238','S384','0','2025-08-27'),(230,'P1159','S226','5','2025-03-21'),(231,'P1013','S463','100','2024-02-07'),(232,'P1153','S496','100','2026-05-09'),(233,'P1036','S294','50','2024-04-08'),(234,'P1253','S374','','2024-12-02'),(235,'P1200','S213','50','2024-04-06'),(236,'P1202','S259','5','2025-03-23'),(237,'P1099','S357','5','2025-11-27'),(238,'P1031','S452','100','2025-08-26'),(239,'P1227','S258','100','2024-10-04'),(240,'P1256','S248','20','2025-11-07'),(241,'P1270','S260','20','2024-08-16'),(242,'P1033','S234','50','2024-10-10'),(243,'P1143','S465','50','2024-04-22'),(244,'P1160','S442','0','2024-10-29'),(245,'P1253','S233','20','2026-02-12'),(246,'P1151','S438','0','2024-08-14'),(247,'P1061','S420','5','2026-03-22'),(248,'P1022','S446','100','2025-03-06'),(249,'P1148','S277','100','2025-07-18'),(250,'P1207','S307','100','2024-08-30'),(251,'P1089','S219','','2025-06-28'),(252,'P1088','S200','5','2025-11-06'),(253,'P1086','S469','5','2025-09-28'),(254,'P1173','S483','20','2024-03-01'),(255,'P1199','S290','100','2025-12-01'),(256,'P1107','S499','20','2026-05-05'),(257,'P1095','S335','20','2024-08-06'),(258,'P1027','S388','','2024-01-31'),(259,'P1053','S337','5','2026-03-07'),(260,'P1243','S256','50','2024-03-30'),(261,'P1091','S293','5','2026-03-24'),(262,'P1153','S317','100','2024-11-29'),(263,'P1094','S411','50','2025-07-03'),(264,'P1163','S400','100','2026-02-14'),(265,'P1120','S335','50','2025-07-12'),(266,'P1026','S431','20','2025-04-03'),(267,'P1252','S432','100','2025-01-01'),(268,'P1128','S405','20','2024-10-03'),(269,'P1285','S403','50','2025-08-03'),(270,'P1232','S496','100','2025-07-03'),(271,'P1067','S216','100','2025-09-23'),(272,'P1233','S285','20','2024-05-05'),(273,'P1014','S239','20','2024-06-06'),(274,'P1253','S289','5','2024-06-13'),(275,'P1263','S493','5','2024-09-18'),(276,'P1062','S364','0','2024-02-02'),(277,'P1011','S232','','2025-02-08'),(278,'P1121','S244','','2025-02-21'),(279,'P1287','S353','50','2024-02-26'),(280,'P1269','S343','100','2025-01-24'),(281,'P1249','S349','20','2025-09-24'),(282,'P1052','S265','100','2026-04-18'),(283,'P1182','S215','100','2025-01-25'),(284,'P1150','S300','','2025-08-16'),(285,'P1201','S356','5','2024-06-19'),(286,'P1087','S291','','2025-03-03'),(287,'P1044','S315','100','2025-11-30'),(288,'P1152','S438','5','2024-03-10'),(289,'P1114','S360','','2024-07-19'),(290,'P1149','S415','50','2025-12-10'),(291,'P1059','S278','100','2024-09-10'),(292,'P1175','S490','','2025-03-25'),(293,'P1157','S291','100','2024-03-27'),(294,'P1269','S258','5','2026-01-17'),(295,'P1251','S222','50','2024-08-06'),(296,'P1136','S348','','2024-07-19'),(297,'P1087','S368','5','2025-09-26'),(298,'P1235','S441','50','2023-12-12'),(299,'P1260','S478','20','2025-05-02'),(300,'P1060','S316','50','2024-03-26'),(205,'P1081','S409','100','2025-10-08'),(89,'P1125','S408','0','2024-05-28'),(183,'P1292','S334','','2024-10-30'),(114,'P1099','S376','20','2025-07-22'),(193,'P1051','S498','5','2025-01-12'),(141,'P1003','S480','50','2024-02-02'),(48,'P1011','S419','','2024-12-21'),(17,'P1075','S494','20','2025-08-15'),(68,'P1221','S336','20','2024-10-08'),(50,'P1117','S485','100','2024-10-01'),(101,'P1216','S247','5','2024-12-13'),(229,'P1238','S384','0','2025-08-27'),(239,'P1227','S258','100','2024-10-04'),(60,'P1191','S408','100','2024-12-17'),(45,'P1296','S207','100','2025-08-03'),(173,'P1265','S311','5','2025-02-02'),(52,'P1035','S206','50','2026-05-03'),(273,'P1014','S239','20','2024-06-06'),(204,'P1249','S485','','2024-12-07'),(240,'P1256','S248','20','2025-11-07'),(146,'P1009','S239','100','2026-04-26'),(20,'P1168','S491','100','2025-11-27'),(184,'P1252','S272','20','2026-03-05'),(223,'P1041','S354','20','2025-10-20'),(131,'P1097','S344','100','2024-06-19'),(22,'P1246','S404','0','2026-03-06'),(130,'P1055','S331','5','2024-12-17'),(71,'P1045','S393','50','2024-01-23'),(191,'P1283','S227','20','2024-05-13'),(251,'P1089','S219','','2025-06-28');
/*!40000 ALTER TABLE inventory_300 ENABLE KEYS */;
UNLOCK TABLES;

--
-- Table structure for table `payments`
--

DROP TABLE IF EXISTS payments;
/*!40101 SET @saved_cs_client     = @@character_set_client */;
/*!50503 SET character_set_client = utf8mb4 */;
CREATE TABLE payments (
  payment_id int DEFAULT NULL,
  sale_id int DEFAULT NULL,
  payment_method text,
  amount_paid int DEFAULT NULL,
  payment_date text
) ENGINE=InnoDB DEFAULT CHARSET=utf8mb4 COLLATE=utf8mb4_0900_ai_ci;
/*!40101 SET character_set_client = @saved_cs_client */;

--
-- Dumping data for table `payments`
--

LOCK TABLES payments WRITE;
/*!40000 ALTER TABLE payments DISABLE KEYS */;
INSERT INTO payments VALUES (50000,10274,'Card',500,'2024-08-29'),(50001,10040,'Card',100,'2024-06-17'),(50002,10057,'',500,'2024-06-07'),(50003,10266,'Cash',50,'2024-01-15'),(50004,10046,'',50,'2024-11-30'),(50005,10021,'Card',50,'2024-04-22'),(50007,10251,'Mpesa',100,'2024-01-05'),(50009,10042,'',50,'2024-12-17'),(50010,10164,'Cash',500,'2024-05-28'),(50011,10173,'Mpesa',500,'2024-02-10'),(50012,10294,'Mpesa',100,'2024-09-15'),(50013,10177,'Mpesa',100,'2024-10-06'),(50014,10216,'Card',200,'2024-01-15'),(50015,10038,'Mpesa',100,'2024-04-29'),(50016,10228,'Mpesa',500,'2024-02-19'),(50017,10069,'',100,'2024-01-23'),(50019,10192,'Mpesa',100,'2024-03-31'),(50021,10168,'Cash',200,'2024-08-12'),(50022,10153,'',500,'2024-05-19'),(50023,10053,'Card',50,'2024-02-12'),(50024,10129,'Cash',50,'2024-08-25'),(50025,10278,'Mpesa',200,'2024-09-01'),(50026,10135,'',100,'2024-02-13'),(50027,10272,'Mpesa',500,'2024-10-05'),(50028,10289,'Cash',500,'2024-05-24'),(50029,10093,'Mpesa',200,'2024-03-02'),(50030,10136,'',500,'2024-01-18'),(50031,10004,'Mpesa',500,'2024-03-18'),(50032,10058,'Mpesa',100,'2024-03-11'),(50033,10277,'Card',200,'2024-03-24'),(50035,10097,'Mpesa',500,'2024-11-09'),(50036,10222,'Card',500,'2024-12-23'),(50037,10287,'Card',100,'2024-08-24'),(50039,10188,'Cash',500,'2024-02-09'),(50040,10062,'Card',200,'2024-09-24'),(50041,10056,'Cash',500,'2024-11-08'),(50043,10192,'Mpesa',500,'2024-06-26'),(50044,10216,'',200,'2024-05-08'),(50045,10111,'Mpesa',100,'2024-12-07'),(50046,10139,'Mpesa',100,'2024-07-14'),(50048,10046,'',500,'2024-03-26'),(50049,10296,'Mpesa',500,'2024-04-15'),(50050,10150,'Card',500,'2024-09-14'),(50051,10161,'',500,'2024-04-03'),(50052,10107,'Mpesa',200,'2024-11-03'),(50053,10245,'Cash',200,'2024-07-19'),(50054,10041,'Cash',50,'2024-02-26'),(50055,10072,'Card',200,'2024-04-23'),(50056,10110,'',100,'2024-08-11'),(50057,10059,'Cash',500,'2024-06-01'),(50058,10070,'Mpesa',100,'2024-02-04'),(50059,10216,'Cash',500,'2024-10-20'),(50063,10172,'Card',500,'2024-12-20'),(50064,10200,'Card',200,'2024-11-05'),(50065,10069,'',100,'2024-07-16'),(50067,10207,'',50,'2024-03-09'),(50068,10024,'Cash',50,'2024-07-17'),(50069,10010,'Mpesa',50,'2024-07-31'),(50071,10276,'Cash',100,'2024-06-26'),(50072,10137,'Mpesa',50,'2024-11-04'),(50073,10075,'Mpesa',500,'2024-09-10'),(50074,10089,'Mpesa',100,'2024-12-06'),(50076,10203,'Cash',100,'2024-08-25'),(50077,10051,'Mpesa',200,'2024-02-17'),(50080,10282,'Mpesa',50,'2024-12-05'),(50081,10108,'Card',100,'2024-11-22'),(50083,10151,'Cash',500,'2024-01-12'),(50084,10125,'',100,'2024-10-23'),(50086,10291,'Cash',500,'2024-04-17'),(50087,10263,'Mpesa',100,'2024-06-08'),(50091,10117,'Cash',100,'2024-10-22'),(50093,10181,'Cash',200,'2024-11-02'),(50094,10243,'Mpesa',200,'2024-01-07'),(50095,10034,'',200,'2024-02-12'),(50096,10265,'Cash',100,'2024-05-04'),(50099,10178,'Mpesa',50,'2024-09-04'),(50100,10197,'Cash',500,'2024-11-22'),(50102,10007,'Cash',500,'2024-05-25'),(50103,10242,'',100,'2024-09-14'),(50106,10111,'Card',500,'2024-04-03'),(50107,10245,'Card',50,'2024-02-17'),(50110,10069,'Mpesa',100,'2024-01-12'),(50111,10066,'Mpesa',100,'2024-11-21'),(50116,10194,'Card',500,'2024-05-23'),(50117,10227,'Mpesa',500,'2024-02-17'),(50119,10201,'Mpesa',200,'2024-03-27'),(50120,10219,'',100,'2024-02-22'),(50121,10297,'Card',100,'2024-02-24'),(50123,10044,'Cash',50,'2024-11-08'),(50125,10042,'Card',50,'2024-07-15'),(50126,10192,'Cash',500,'2024-04-02'),(50127,10037,'',200,'2024-11-20'),(50128,10065,'',100,'2024-05-26'),(50129,10262,'Card',50,'2024-09-03'),(50130,10120,'Cash',500,'2024-05-21'),(50131,10157,'Cash',200,'2024-11-07'),(50132,10097,'Card',500,'2024-08-10'),(50133,10074,'',500,'2024-04-30'),(50134,10101,'Cash',100,'2024-06-29'),(50135,10042,'Card',200,'2024-03-20'),(50136,10139,'',50,'2024-04-29'),(50138,10006,'Mpesa',200,'2024-03-11'),(50139,10017,'Card',50,'2024-10-17'),(50140,10077,'Cash',100,'2024-11-21'),(50141,10022,'Mpesa',100,'2024-12-11'),(50143,10037,'Cash',50,'2024-02-05'),(50144,10060,'Cash',100,'2024-10-30'),(50145,10144,'Mpesa',200,'2024-05-11'),(50147,10120,'Card',500,'2024-04-18'),(50148,10136,'',200,'2024-05-23'),(50149,10069,'Mpesa',500,'2024-01-27'),(50150,10021,'Cash',200,'2024-05-17'),(50151,10127,'Mpesa',500,'2024-06-27'),(50152,10261,'Cash',500,'2024-04-11'),(50153,10291,'Mpesa',100,'2024-09-07'),(50154,10085,'Cash',50,'2024-05-04'),(50155,10032,'Card',200,'2024-03-25'),(50158,10253,'Cash',200,'2024-09-26'),(50159,10023,'Card',50,'2024-11-28'),(50161,10263,'Card',50,'2024-08-17'),(50162,10049,'Cash',500,'2024-05-01'),(50163,10047,'',50,'2024-05-02'),(50165,10166,'',200,'2024-01-16'),(50166,10075,'',100,'2024-02-27'),(50167,10249,'',100,'2024-03-11'),(50168,10152,'Mpesa',50,'2024-08-31'),(50169,10282,'Card',50,'2024-08-03'),(50170,10040,'',50,'2024-12-19'),(50171,10224,'',200,'2024-05-06'),(50172,10014,'',50,'2024-03-18'),(50173,10047,'',500,'2024-04-17'),(50174,10027,'Card',50,'2024-09-11'),(50175,10096,'Cash',50,'2024-08-28'),(50176,10081,'',100,'2024-07-13'),(50177,10137,'Card',100,'2024-01-22'),(50178,10202,'',100,'2024-07-24'),(50180,10077,'Card',500,'2024-02-16'),(50181,10162,'Mpesa',200,'2024-12-09'),(50183,10134,'Mpesa',200,'2024-11-23'),(50184,10188,'Cash',100,'2024-07-15'),(50185,10040,'Cash',100,'2024-06-26'),(50186,10028,'Mpesa',200,'2024-09-06'),(50187,10169,'Mpesa',200,'2024-10-11'),(50188,10193,'Mpesa',200,'2024-10-20'),(50189,10111,'Cash',100,'2024-03-12'),(50190,10245,'Cash',200,'2024-07-14'),(50191,10291,'Mpesa',200,'2024-12-13'),(50193,10125,'Cash',50,'2024-12-17'),(50195,10097,'Card',100,'2024-09-14'),(50196,10145,'Card',200,'2024-08-18'),(50197,10078,'Mpesa',500,'2024-03-04'),(50198,10171,'Cash',500,'2024-04-21'),(50199,10164,'Card',50,'2024-09-12'),(50200,10126,'Card',200,'2024-09-30'),(50201,10210,'Card',50,'2024-07-17'),(50203,10278,'Card',50,'2024-08-21'),(50204,10041,'Mpesa',100,'2024-08-10'),(50205,10294,'Mpesa',500,'2024-03-02'),(50206,10268,'Cash',100,'2024-07-07'),(50207,10072,'Card',100,'2024-10-14'),(50208,10023,'Mpesa',500,'2024-10-02'),(50209,10071,'Card',500,'2024-02-06'),(50210,10238,'Card',500,'2024-07-11'),(50211,10251,'',500,'2024-09-28'),(50214,10248,'Card',100,'2024-10-03'),(50216,10194,'Mpesa',100,'2024-08-08'),(50218,10014,'Cash',100,'2024-12-14'),(50219,10168,'',100,'2024-06-15'),(50220,10181,'Mpesa',100,'2024-09-22'),(50222,10264,'Mpesa',200,'2024-09-15'),(50223,10155,'',200,'2024-06-20'),(50224,10256,'Cash',500,'2024-06-15'),(50225,10141,'Card',200,'2024-09-08'),(50227,10109,'Mpesa',200,'2024-12-17'),(50228,10046,'Card',200,'2024-09-27'),(50229,10137,'Card',100,'2024-05-27'),(50231,10051,'Cash',100,'2024-12-14'),(50232,10126,'',100,'2024-05-18'),(50233,10260,'',50,'2024-12-16'),(50234,10012,'Cash',100,'2024-10-22'),(50235,10285,'Mpesa',500,'2024-07-07'),(50238,10204,'Card',500,'2024-01-29'),(50239,10251,'Mpesa',50,'2024-09-09'),(50240,10149,'Cash',500,'2024-05-27'),(50242,10155,'',50,'2024-10-17'),(50243,10228,'',500,'2024-02-14'),(50244,10219,'Mpesa',50,'2024-05-06'),(50245,10115,'Card',500,'2024-05-11'),(50246,10137,'Mpesa',500,'2024-04-10'),(50247,10289,'',200,'2024-02-01'),(50248,10043,'Mpesa',500,'2024-06-21'),(50249,10292,'Card',50,'2024-05-22'),(50250,10195,'',100,'2024-08-12'),(50251,10080,'Cash',50,'2024-06-12'),(50252,10261,'Cash',50,'2024-04-22'),(50253,10195,'Mpesa',200,'2024-06-04'),(50254,10092,'Cash',500,'2024-02-24'),(50255,10278,'Cash',500,'2024-06-07'),(50256,10144,'Mpesa',100,'2024-03-27'),(50257,10257,'Cash',200,'2024-07-18'),(50258,10046,'',50,'2024-12-29'),(50259,10117,'Mpesa',500,'2024-02-25'),(50261,10070,'Mpesa',200,'2024-09-28'),(50265,10073,'Cash',100,'2024-07-29'),(50266,10134,'Card',200,'2024-02-03'),(50267,10133,'',100,'2024-01-21'),(50268,10079,'Cash',200,'2024-05-18'),(50271,10051,'Mpesa',100,'2024-07-16'),(50272,10215,'',200,'2024-11-25'),(50273,10293,'Card',200,'2024-09-12'),(50274,10156,'',100,'2024-07-15'),(50275,10281,'Cash',50,'2024-02-11'),(50277,10218,'Mpesa',500,'2024-08-13'),(50278,10041,'Card',100,'2024-01-06'),(50279,10136,'Cash',500,'2024-05-27'),(50281,10164,'Mpesa',500,'2024-12-24'),(50282,10009,'',50,'2024-11-17'),(50283,10103,'Cash',50,'2024-12-15'),(50284,10086,'Card',500,'2024-07-25'),(50285,10059,'Mpesa',100,'2024-10-24'),(50286,10160,'Card',200,'2024-06-25'),(50287,10094,'Mpesa',200,'2024-07-19'),(50288,10099,'Cash',50,'2024-06-19'),(50290,10138,'Cash',500,'2024-06-03'),(50291,10153,'Cash',100,'2024-11-07'),(50294,10007,'Card',500,'2024-12-17'),(50295,10221,'Card',500,'2024-03-27'),(50296,10097,'Mpesa',50,'2024-02-18'),(50297,10014,'Cash',50,'2024-10-25'),(50243,10228,'',500,'2024-02-14'),(50031,10004,'Mpesa',500,'2024-03-18'),(50234,10012,'Cash',100,'2024-10-22'),(50139,10017,'Card',50,'2024-10-17'),(50134,10101,'Cash',100,'2024-06-29'),(50145,10144,'Mpesa',200,'2024-05-11'),(50288,10099,'Cash',50,'2024-06-19'),(50163,10047,'',50,'2024-05-02'),(50232,10126,'',100,'2024-05-18'),(50203,10278,'Card',50,'2024-08-21'),(50254,10092,'Cash',500,'2024-02-24'),(50132,10097,'Card',500,'2024-08-10'),(50067,10207,'',50,'2024-03-09'),(50291,10153,'Cash',100,'2024-11-07'),(50196,10145,'Card',200,'2024-08-18'),(50170,10040,'',50,'2024-12-19'),(50251,10080,'Cash',50,'2024-06-12'),(50140,10077,'Cash',100,'2024-11-21'),(50277,10218,'Mpesa',500,'2024-08-13'),(50175,10096,'Cash',50,'2024-08-28'),(50011,10173,'Mpesa',500,'2024-02-10'),(50027,10272,'Mpesa',500,'2024-10-05'),(50195,10097,'Card',100,'2024-09-14'),(50128,10065,'',100,'2024-05-26');
/*!40000 ALTER TABLE payments ENABLE KEYS */;
UNLOCK TABLES;

--
-- Table structure for table `payments2`
--

DROP TABLE IF EXISTS payments2;
/*!40101 SET @saved_cs_client     = @@character_set_client */;
/*!50503 SET character_set_client = utf8mb4 */;
CREATE TABLE payments2 (
  payment_id int NOT NULL,
  sale_id int DEFAULT NULL,
  payment_method text,
  amount_paid int DEFAULT NULL,
  payment_date text,
  PRIMARY KEY (payment_id)
) ENGINE=InnoDB DEFAULT CHARSET=utf8mb4 COLLATE=utf8mb4_0900_ai_ci;
/*!40101 SET character_set_client = @saved_cs_client */;

--
-- Dumping data for table `payments2`
--

LOCK TABLES payments2 WRITE;
/*!40000 ALTER TABLE payments2 DISABLE KEYS */;
INSERT INTO payments2 VALUES (50000,10274,'Card',500,'2024-08-29'),(50001,10040,'Card',100,'2024-06-17'),(50002,10057,'Unknown',500,'2024-06-07'),(50003,10266,'Cash',50,'2024-01-15'),(50004,10046,'Unknown',50,'2024-11-30'),(50005,10021,'Card',50,'2024-04-22'),(50007,10251,'Mpesa',100,'2024-01-05'),(50009,10042,'Unknown',50,'2024-12-17'),(50010,10164,'Cash',500,'2024-05-28'),(50011,10173,'Mpesa',500,'2024-02-10'),(50012,10294,'Mpesa',100,'2024-09-15'),(50013,10177,'Mpesa',100,'2024-10-06'),(50014,10216,'Card',200,'2024-01-15'),(50015,10038,'Mpesa',100,'2024-04-29'),(50016,10228,'Mpesa',500,'2024-02-19'),(50017,10069,'Unknown',100,'2024-01-23'),(50019,10192,'Mpesa',100,'2024-03-31'),(50021,10168,'Cash',200,'2024-08-12'),(50022,10153,'Unknown',500,'2024-05-19'),(50023,10053,'Card',50,'2024-02-12'),(50024,10129,'Cash',50,'2024-08-25'),(50025,10278,'Mpesa',200,'2024-09-01'),(50026,10135,'Unknown',100,'2024-02-13'),(50027,10272,'Mpesa',500,'2024-10-05'),(50028,10289,'Cash',500,'2024-05-24'),(50029,10093,'Mpesa',200,'2024-03-02'),(50030,10136,'Unknown',500,'2024-01-18'),(50031,10004,'Mpesa',500,'2024-03-18'),(50032,10058,'Mpesa',100,'2024-03-11'),(50033,10277,'Card',200,'2024-03-24'),(50035,10097,'Mpesa',500,'2024-11-09'),(50036,10222,'Card',500,'2024-12-23'),(50037,10287,'Card',100,'2024-08-24'),(50039,10188,'Cash',500,'2024-02-09'),(50040,10062,'Card',200,'2024-09-24'),(50041,10056,'Cash',500,'2024-11-08'),(50043,10192,'Mpesa',500,'2024-06-26'),(50044,10216,'Unknown',200,'2024-05-08'),(50045,10111,'Mpesa',100,'2024-12-07'),(50046,10139,'Mpesa',100,'2024-07-14'),(50048,10046,'Unknown',500,'2024-03-26'),(50049,10296,'Mpesa',500,'2024-04-15'),(50050,10150,'Card',500,'2024-09-14'),(50051,10161,'Unknown',500,'2024-04-03'),(50052,10107,'Mpesa',200,'2024-11-03'),(50053,10245,'Cash',200,'2024-07-19'),(50054,10041,'Cash',50,'2024-02-26'),(50055,10072,'Card',200,'2024-04-23'),(50056,10110,'Unknown',100,'2024-08-11'),(50057,10059,'Cash',500,'2024-06-01'),(50058,10070,'Mpesa',100,'2024-02-04'),(50059,10216,'Cash',500,'2024-10-20'),(50063,10172,'Card',500,'2024-12-20'),(50064,10200,'Card',200,'2024-11-05'),(50065,10069,'Unknown',100,'2024-07-16'),(50067,10207,'Unknown',50,'2024-03-09'),(50068,10024,'Cash',50,'2024-07-17'),(50069,10010,'Mpesa',50,'2024-07-31'),(50071,10276,'Cash',100,'2024-06-26'),(50072,10137,'Mpesa',50,'2024-11-04'),(50073,10075,'Mpesa',500,'2024-09-10'),(50074,10089,'Mpesa',100,'2024-12-06'),(50076,10203,'Cash',100,'2024-08-25'),(50077,10051,'Mpesa',200,'2024-02-17'),(50080,10282,'Mpesa',50,'2024-12-05'),(50081,10108,'Card',100,'2024-11-22'),(50083,10151,'Cash',500,'2024-01-12'),(50084,10125,'Unknown',100,'2024-10-23'),(50086,10291,'Cash',500,'2024-04-17'),(50087,10263,'Mpesa',100,'2024-06-08'),(50091,10117,'Cash',100,'2024-10-22'),(50093,10181,'Cash',200,'2024-11-02'),(50094,10243,'Mpesa',200,'2024-01-07'),(50095,10034,'Unknown',200,'2024-02-12'),(50096,10265,'Cash',100,'2024-05-04'),(50099,10178,'Mpesa',50,'2024-09-04'),(50100,10197,'Cash',500,'2024-11-22'),(50102,10007,'Cash',500,'2024-05-25'),(50103,10242,'Unknown',100,'2024-09-14'),(50106,10111,'Card',500,'2024-04-03'),(50107,10245,'Card',50,'2024-02-17'),(50110,10069,'Mpesa',100,'2024-01-12'),(50111,10066,'Mpesa',100,'2024-11-21'),(50116,10194,'Card',500,'2024-05-23'),(50117,10227,'Mpesa',500,'2024-02-17'),(50119,10201,'Mpesa',200,'2024-03-27'),(50120,10219,'Unknown',100,'2024-02-22'),(50121,10297,'Card',100,'2024-02-24'),(50123,10044,'Cash',50,'2024-11-08'),(50125,10042,'Card',50,'2024-07-15'),(50126,10192,'Cash',500,'2024-04-02'),(50127,10037,'Unknown',200,'2024-11-20'),(50128,10065,'Unknown',100,'2024-05-26'),(50129,10262,'Card',50,'2024-09-03'),(50130,10120,'Cash',500,'2024-05-21'),(50131,10157,'Cash',200,'2024-11-07'),(50132,10097,'Card',500,'2024-08-10'),(50133,10074,'Unknown',500,'2024-04-30'),(50134,10101,'Cash',100,'2024-06-29'),(50135,10042,'Card',200,'2024-03-20'),(50136,10139,'Unknown',50,'2024-04-29'),(50138,10006,'Mpesa',200,'2024-03-11'),(50139,10017,'Card',50,'2024-10-17'),(50140,10077,'Cash',100,'2024-11-21'),(50141,10022,'Mpesa',100,'2024-12-11'),(50143,10037,'Cash',50,'2024-02-05'),(50144,10060,'Cash',100,'2024-10-30'),(50145,10144,'Mpesa',200,'2024-05-11'),(50147,10120,'Card',500,'2024-04-18'),(50148,10136,'Unknown',200,'2024-05-23'),(50149,10069,'Mpesa',500,'2024-01-27'),(50150,10021,'Cash',200,'2024-05-17'),(50151,10127,'Mpesa',500,'2024-06-27'),(50152,10261,'Cash',500,'2024-04-11'),(50153,10291,'Mpesa',100,'2024-09-07'),(50154,10085,'Cash',50,'2024-05-04'),(50155,10032,'Card',200,'2024-03-25'),(50158,10253,'Cash',200,'2024-09-26'),(50159,10023,'Card',50,'2024-11-28'),(50161,10263,'Card',50,'2024-08-17'),(50162,10049,'Cash',500,'2024-05-01'),(50163,10047,'Unknown',50,'2024-05-02'),(50165,10166,'Unknown',200,'2024-01-16'),(50166,10075,'Unknown',100,'2024-02-27'),(50167,10249,'Unknown',100,'2024-03-11'),(50168,10152,'Mpesa',50,'2024-08-31'),(50169,10282,'Card',50,'2024-08-03'),(50170,10040,'Unknown',50,'2024-12-19'),(50171,10224,'Unknown',200,'2024-05-06'),(50172,10014,'Unknown',50,'2024-03-18'),(50173,10047,'Unknown',500,'2024-04-17'),(50174,10027,'Card',50,'2024-09-11'),(50175,10096,'Cash',50,'2024-08-28'),(50176,10081,'Unknown',100,'2024-07-13'),(50177,10137,'Card',100,'2024-01-22'),(50178,10202,'Unknown',100,'2024-07-24'),(50180,10077,'Card',500,'2024-02-16'),(50181,10162,'Mpesa',200,'2024-12-09'),(50183,10134,'Mpesa',200,'2024-11-23'),(50184,10188,'Cash',100,'2024-07-15'),(50185,10040,'Cash',100,'2024-06-26'),(50186,10028,'Mpesa',200,'2024-09-06'),(50187,10169,'Mpesa',200,'2024-10-11'),(50188,10193,'Mpesa',200,'2024-10-20'),(50189,10111,'Cash',100,'2024-03-12'),(50190,10245,'Cash',200,'2024-07-14'),(50191,10291,'Mpesa',200,'2024-12-13'),(50193,10125,'Cash',50,'2024-12-17'),(50195,10097,'Card',100,'2024-09-14'),(50196,10145,'Card',200,'2024-08-18'),(50197,10078,'Mpesa',500,'2024-03-04'),(50198,10171,'Cash',500,'2024-04-21'),(50199,10164,'Card',50,'2024-09-12'),(50200,10126,'Card',200,'2024-09-30'),(50201,10210,'Card',50,'2024-07-17'),(50203,10278,'Card',50,'2024-08-21'),(50204,10041,'Mpesa',100,'2024-08-10'),(50205,10294,'Mpesa',500,'2024-03-02'),(50206,10268,'Cash',100,'2024-07-07'),(50207,10072,'Card',100,'2024-10-14'),(50208,10023,'Mpesa',500,'2024-10-02'),(50209,10071,'Card',500,'2024-02-06'),(50210,10238,'Card',500,'2024-07-11'),(50211,10251,'Unknown',500,'2024-09-28'),(50214,10248,'Card',100,'2024-10-03'),(50216,10194,'Mpesa',100,'2024-08-08'),(50218,10014,'Cash',100,'2024-12-14'),(50219,10168,'Unknown',100,'2024-06-15'),(50220,10181,'Mpesa',100,'2024-09-22'),(50222,10264,'Mpesa',200,'2024-09-15'),(50223,10155,'Unknown',200,'2024-06-20'),(50224,10256,'Cash',500,'2024-06-15'),(50225,10141,'Card',200,'2024-09-08'),(50227,10109,'Mpesa',200,'2024-12-17'),(50228,10046,'Card',200,'2024-09-27'),(50229,10137,'Card',100,'2024-05-27'),(50231,10051,'Cash',100,'2024-12-14'),(50232,10126,'Unknown',100,'2024-05-18'),(50233,10260,'Unknown',50,'2024-12-16'),(50234,10012,'Cash',100,'2024-10-22'),(50235,10285,'Mpesa',500,'2024-07-07'),(50238,10204,'Card',500,'2024-01-29'),(50239,10251,'Mpesa',50,'2024-09-09'),(50240,10149,'Cash',500,'2024-05-27'),(50242,10155,'Unknown',50,'2024-10-17'),(50243,10228,'Unknown',500,'2024-02-14'),(50244,10219,'Mpesa',50,'2024-05-06'),(50245,10115,'Card',500,'2024-05-11'),(50246,10137,'Mpesa',500,'2024-04-10'),(50247,10289,'Unknown',200,'2024-02-01'),(50248,10043,'Mpesa',500,'2024-06-21'),(50249,10292,'Card',50,'2024-05-22'),(50250,10195,'Unknown',100,'2024-08-12'),(50251,10080,'Cash',50,'2024-06-12'),(50252,10261,'Cash',50,'2024-04-22'),(50253,10195,'Mpesa',200,'2024-06-04'),(50254,10092,'Cash',500,'2024-02-24'),(50255,10278,'Cash',500,'2024-06-07'),(50256,10144,'Mpesa',100,'2024-03-27'),(50257,10257,'Cash',200,'2024-07-18'),(50258,10046,'Unknown',50,'2024-12-29'),(50259,10117,'Mpesa',500,'2024-02-25'),(50261,10070,'Mpesa',200,'2024-09-28'),(50265,10073,'Cash',100,'2024-07-29'),(50266,10134,'Card',200,'2024-02-03'),(50267,10133,'Unknown',100,'2024-01-21'),(50268,10079,'Cash',200,'2024-05-18'),(50271,10051,'Mpesa',100,'2024-07-16'),(50272,10215,'Unknown',200,'2024-11-25'),(50273,10293,'Card',200,'2024-09-12'),(50274,10156,'Unknown',100,'2024-07-15'),(50275,10281,'Cash',50,'2024-02-11'),(50277,10218,'Mpesa',500,'2024-08-13'),(50278,10041,'Card',100,'2024-01-06'),(50279,10136,'Cash',500,'2024-05-27'),(50281,10164,'Mpesa',500,'2024-12-24'),(50282,10009,'Unknown',50,'2024-11-17'),(50283,10103,'Cash',50,'2024-12-15'),(50284,10086,'Card',500,'2024-07-25'),(50285,10059,'Mpesa',100,'2024-10-24'),(50286,10160,'Card',200,'2024-06-25'),(50287,10094,'Mpesa',200,'2024-07-19'),(50288,10099,'Cash',50,'2024-06-19'),(50290,10138,'Cash',500,'2024-06-03'),(50291,10153,'Cash',100,'2024-11-07'),(50294,10007,'Card',500,'2024-12-17'),(50295,10221,'Card',500,'2024-03-27'),(50296,10097,'Mpesa',50,'2024-02-18'),(50297,10014,'Cash',50,'2024-10-25');
/*!40000 ALTER TABLE payments2 ENABLE KEYS */;
UNLOCK TABLES;

--
-- Table structure for table `payments_300`
--

DROP TABLE IF EXISTS payments_300;
/*!40101 SET @saved_cs_client     = @@character_set_client */;
/*!50503 SET character_set_client = utf8mb4 */;
CREATE TABLE payments_300 (
  payment_id int DEFAULT NULL,
  sale_id int DEFAULT NULL,
  payment_method text,
  amount_paid int DEFAULT NULL,
  payment_date text
) ENGINE=InnoDB DEFAULT CHARSET=utf8mb4 COLLATE=utf8mb4_0900_ai_ci;
/*!40101 SET character_set_client = @saved_cs_client */;

--
-- Dumping data for table `payments_300`
--

LOCK TABLES payments_300 WRITE;
/*!40000 ALTER TABLE payments_300 DISABLE KEYS */;
INSERT INTO payments_300 VALUES (50000,10274,'Card',500,'2024-08-29'),(50001,10040,'Card',100,'2024-06-17'),(50002,10057,'',500,'2024-06-07'),(50003,10266,'Cash',50,'2024-01-15'),(50004,10046,'',50,'2024-11-30'),(50005,10021,'Card',50,'2024-04-22'),(50007,10251,'Mpesa',100,'2024-01-05'),(50009,10042,'',50,'2024-12-17'),(50010,10164,'Cash',500,'2024-05-28'),(50011,10173,'Mpesa',500,'2024-02-10'),(50012,10294,'Mpesa',100,'2024-09-15'),(50013,10177,'Mpesa',100,'2024-10-06'),(50014,10216,'Card',200,'2024-01-15'),(50015,10038,'Mpesa',100,'2024-04-29'),(50016,10228,'Mpesa',500,'2024-02-19'),(50017,10069,'',100,'2024-01-23'),(50019,10192,'Mpesa',100,'2024-03-31'),(50021,10168,'Cash',200,'2024-08-12'),(50022,10153,'',500,'2024-05-19'),(50023,10053,'Card',50,'2024-02-12'),(50024,10129,'Cash',50,'2024-08-25'),(50025,10278,'Mpesa',200,'2024-09-01'),(50026,10135,'',100,'2024-02-13'),(50027,10272,'Mpesa',500,'2024-10-05'),(50028,10289,'Cash',500,'2024-05-24'),(50029,10093,'Mpesa',200,'2024-03-02'),(50030,10136,'',500,'2024-01-18'),(50031,10004,'Mpesa',500,'2024-03-18'),(50032,10058,'Mpesa',100,'2024-03-11'),(50033,10277,'Card',200,'2024-03-24'),(50035,10097,'Mpesa',500,'2024-11-09'),(50036,10222,'Card',500,'2024-12-23'),(50037,10287,'Card',100,'2024-08-24'),(50039,10188,'Cash',500,'2024-02-09'),(50040,10062,'Card',200,'2024-09-24'),(50041,10056,'Cash',500,'2024-11-08'),(50043,10192,'Mpesa',500,'2024-06-26'),(50044,10216,'',200,'2024-05-08'),(50045,10111,'Mpesa',100,'2024-12-07'),(50046,10139,'Mpesa',100,'2024-07-14'),(50048,10046,'',500,'2024-03-26'),(50049,10296,'Mpesa',500,'2024-04-15'),(50050,10150,'Card',500,'2024-09-14'),(50051,10161,'',500,'2024-04-03'),(50052,10107,'Mpesa',200,'2024-11-03'),(50053,10245,'Cash',200,'2024-07-19'),(50054,10041,'Cash',50,'2024-02-26'),(50055,10072,'Card',200,'2024-04-23'),(50056,10110,'',100,'2024-08-11'),(50057,10059,'Cash',500,'2024-06-01'),(50058,10070,'Mpesa',100,'2024-02-04'),(50059,10216,'Cash',500,'2024-10-20'),(50063,10172,'Card',500,'2024-12-20'),(50064,10200,'Card',200,'2024-11-05'),(50065,10069,'',100,'2024-07-16'),(50067,10207,'',50,'2024-03-09'),(50068,10024,'Cash',50,'2024-07-17'),(50069,10010,'Mpesa',50,'2024-07-31'),(50071,10276,'Cash',100,'2024-06-26'),(50072,10137,'Mpesa',50,'2024-11-04'),(50073,10075,'Mpesa',500,'2024-09-10'),(50074,10089,'Mpesa',100,'2024-12-06'),(50076,10203,'Cash',100,'2024-08-25'),(50077,10051,'Mpesa',200,'2024-02-17'),(50080,10282,'Mpesa',50,'2024-12-05'),(50081,10108,'Card',100,'2024-11-22'),(50083,10151,'Cash',500,'2024-01-12'),(50084,10125,'',100,'2024-10-23'),(50086,10291,'Cash',500,'2024-04-17'),(50087,10263,'Mpesa',100,'2024-06-08'),(50091,10117,'Cash',100,'2024-10-22'),(50093,10181,'Cash',200,'2024-11-02'),(50094,10243,'Mpesa',200,'2024-01-07'),(50095,10034,'',200,'2024-02-12'),(50096,10265,'Cash',100,'2024-05-04'),(50099,10178,'Mpesa',50,'2024-09-04'),(50100,10197,'Cash',500,'2024-11-22'),(50102,10007,'Cash',500,'2024-05-25'),(50103,10242,'',100,'2024-09-14'),(50106,10111,'Card',500,'2024-04-03'),(50107,10245,'Card',50,'2024-02-17'),(50110,10069,'Mpesa',100,'2024-01-12'),(50111,10066,'Mpesa',100,'2024-11-21'),(50116,10194,'Card',500,'2024-05-23'),(50117,10227,'Mpesa',500,'2024-02-17'),(50119,10201,'Mpesa',200,'2024-03-27'),(50120,10219,'',100,'2024-02-22'),(50121,10297,'Card',100,'2024-02-24'),(50123,10044,'Cash',50,'2024-11-08'),(50125,10042,'Card',50,'2024-07-15'),(50126,10192,'Cash',500,'2024-04-02'),(50127,10037,'',200,'2024-11-20'),(50128,10065,'',100,'2024-05-26'),(50129,10262,'Card',50,'2024-09-03'),(50130,10120,'Cash',500,'2024-05-21'),(50131,10157,'Cash',200,'2024-11-07'),(50132,10097,'Card',500,'2024-08-10'),(50133,10074,'',500,'2024-04-30'),(50134,10101,'Cash',100,'2024-06-29'),(50135,10042,'Card',200,'2024-03-20'),(50136,10139,'',50,'2024-04-29'),(50138,10006,'Mpesa',200,'2024-03-11'),(50139,10017,'Card',50,'2024-10-17'),(50140,10077,'Cash',100,'2024-11-21'),(50141,10022,'Mpesa',100,'2024-12-11'),(50143,10037,'Cash',50,'2024-02-05'),(50144,10060,'Cash',100,'2024-10-30'),(50145,10144,'Mpesa',200,'2024-05-11'),(50147,10120,'Card',500,'2024-04-18'),(50148,10136,'',200,'2024-05-23'),(50149,10069,'Mpesa',500,'2024-01-27'),(50150,10021,'Cash',200,'2024-05-17'),(50151,10127,'Mpesa',500,'2024-06-27'),(50152,10261,'Cash',500,'2024-04-11'),(50153,10291,'Mpesa',100,'2024-09-07'),(50154,10085,'Cash',50,'2024-05-04'),(50155,10032,'Card',200,'2024-03-25'),(50158,10253,'Cash',200,'2024-09-26'),(50159,10023,'Card',50,'2024-11-28'),(50161,10263,'Card',50,'2024-08-17'),(50162,10049,'Cash',500,'2024-05-01'),(50163,10047,'',50,'2024-05-02'),(50165,10166,'',200,'2024-01-16'),(50166,10075,'',100,'2024-02-27'),(50167,10249,'',100,'2024-03-11'),(50168,10152,'Mpesa',50,'2024-08-31'),(50169,10282,'Card',50,'2024-08-03'),(50170,10040,'',50,'2024-12-19'),(50171,10224,'',200,'2024-05-06'),(50172,10014,'',50,'2024-03-18'),(50173,10047,'',500,'2024-04-17'),(50174,10027,'Card',50,'2024-09-11'),(50175,10096,'Cash',50,'2024-08-28'),(50176,10081,'',100,'2024-07-13'),(50177,10137,'Card',100,'2024-01-22'),(50178,10202,'',100,'2024-07-24'),(50180,10077,'Card',500,'2024-02-16'),(50181,10162,'Mpesa',200,'2024-12-09'),(50183,10134,'Mpesa',200,'2024-11-23'),(50184,10188,'Cash',100,'2024-07-15'),(50185,10040,'Cash',100,'2024-06-26'),(50186,10028,'Mpesa',200,'2024-09-06'),(50187,10169,'Mpesa',200,'2024-10-11'),(50188,10193,'Mpesa',200,'2024-10-20'),(50189,10111,'Cash',100,'2024-03-12'),(50190,10245,'Cash',200,'2024-07-14'),(50191,10291,'Mpesa',200,'2024-12-13'),(50193,10125,'Cash',50,'2024-12-17'),(50195,10097,'Card',100,'2024-09-14'),(50196,10145,'Card',200,'2024-08-18'),(50197,10078,'Mpesa',500,'2024-03-04'),(50198,10171,'Cash',500,'2024-04-21'),(50199,10164,'Card',50,'2024-09-12'),(50200,10126,'Card',200,'2024-09-30'),(50201,10210,'Card',50,'2024-07-17'),(50203,10278,'Card',50,'2024-08-21'),(50204,10041,'Mpesa',100,'2024-08-10'),(50205,10294,'Mpesa',500,'2024-03-02'),(50206,10268,'Cash',100,'2024-07-07'),(50207,10072,'Card',100,'2024-10-14'),(50208,10023,'Mpesa',500,'2024-10-02'),(50209,10071,'Card',500,'2024-02-06'),(50210,10238,'Card',500,'2024-07-11'),(50211,10251,'',500,'2024-09-28'),(50214,10248,'Card',100,'2024-10-03'),(50216,10194,'Mpesa',100,'2024-08-08'),(50218,10014,'Cash',100,'2024-12-14'),(50219,10168,'',100,'2024-06-15'),(50220,10181,'Mpesa',100,'2024-09-22'),(50222,10264,'Mpesa',200,'2024-09-15'),(50223,10155,'',200,'2024-06-20'),(50224,10256,'Cash',500,'2024-06-15'),(50225,10141,'Card',200,'2024-09-08'),(50227,10109,'Mpesa',200,'2024-12-17'),(50228,10046,'Card',200,'2024-09-27'),(50229,10137,'Card',100,'2024-05-27'),(50231,10051,'Cash',100,'2024-12-14'),(50232,10126,'',100,'2024-05-18'),(50233,10260,'',50,'2024-12-16'),(50234,10012,'Cash',100,'2024-10-22'),(50235,10285,'Mpesa',500,'2024-07-07'),(50238,10204,'Card',500,'2024-01-29'),(50239,10251,'Mpesa',50,'2024-09-09'),(50240,10149,'Cash',500,'2024-05-27'),(50242,10155,'',50,'2024-10-17'),(50243,10228,'',500,'2024-02-14'),(50244,10219,'Mpesa',50,'2024-05-06'),(50245,10115,'Card',500,'2024-05-11'),(50246,10137,'Mpesa',500,'2024-04-10'),(50247,10289,'',200,'2024-02-01'),(50248,10043,'Mpesa',500,'2024-06-21'),(50249,10292,'Card',50,'2024-05-22'),(50250,10195,'',100,'2024-08-12'),(50251,10080,'Cash',50,'2024-06-12'),(50252,10261,'Cash',50,'2024-04-22'),(50253,10195,'Mpesa',200,'2024-06-04'),(50254,10092,'Cash',500,'2024-02-24'),(50255,10278,'Cash',500,'2024-06-07'),(50256,10144,'Mpesa',100,'2024-03-27'),(50257,10257,'Cash',200,'2024-07-18'),(50258,10046,'',50,'2024-12-29'),(50259,10117,'Mpesa',500,'2024-02-25'),(50261,10070,'Mpesa',200,'2024-09-28'),(50265,10073,'Cash',100,'2024-07-29'),(50266,10134,'Card',200,'2024-02-03'),(50267,10133,'',100,'2024-01-21'),(50268,10079,'Cash',200,'2024-05-18'),(50271,10051,'Mpesa',100,'2024-07-16'),(50272,10215,'',200,'2024-11-25'),(50273,10293,'Card',200,'2024-09-12'),(50274,10156,'',100,'2024-07-15'),(50275,10281,'Cash',50,'2024-02-11'),(50277,10218,'Mpesa',500,'2024-08-13'),(50278,10041,'Card',100,'2024-01-06'),(50279,10136,'Cash',500,'2024-05-27'),(50281,10164,'Mpesa',500,'2024-12-24'),(50282,10009,'',50,'2024-11-17'),(50283,10103,'Cash',50,'2024-12-15'),(50284,10086,'Card',500,'2024-07-25'),(50285,10059,'Mpesa',100,'2024-10-24'),(50286,10160,'Card',200,'2024-06-25'),(50287,10094,'Mpesa',200,'2024-07-19'),(50288,10099,'Cash',50,'2024-06-19'),(50290,10138,'Cash',500,'2024-06-03'),(50291,10153,'Cash',100,'2024-11-07'),(50294,10007,'Card',500,'2024-12-17'),(50295,10221,'Card',500,'2024-03-27'),(50296,10097,'Mpesa',50,'2024-02-18'),(50297,10014,'Cash',50,'2024-10-25'),(50243,10228,'',500,'2024-02-14'),(50031,10004,'Mpesa',500,'2024-03-18'),(50234,10012,'Cash',100,'2024-10-22'),(50139,10017,'Card',50,'2024-10-17'),(50134,10101,'Cash',100,'2024-06-29'),(50145,10144,'Mpesa',200,'2024-05-11'),(50288,10099,'Cash',50,'2024-06-19'),(50163,10047,'',50,'2024-05-02'),(50232,10126,'',100,'2024-05-18'),(50203,10278,'Card',50,'2024-08-21'),(50254,10092,'Cash',500,'2024-02-24'),(50132,10097,'Card',500,'2024-08-10'),(50067,10207,'',50,'2024-03-09'),(50291,10153,'Cash',100,'2024-11-07'),(50196,10145,'Card',200,'2024-08-18'),(50170,10040,'',50,'2024-12-19'),(50251,10080,'Cash',50,'2024-06-12'),(50140,10077,'Cash',100,'2024-11-21'),(50277,10218,'Mpesa',500,'2024-08-13'),(50175,10096,'Cash',50,'2024-08-28'),(50011,10173,'Mpesa',500,'2024-02-10'),(50027,10272,'Mpesa',500,'2024-10-05'),(50195,10097,'Card',100,'2024-09-14'),(50128,10065,'',100,'2024-05-26');
/*!40000 ALTER TABLE payments_300 ENABLE KEYS */;
UNLOCK TABLES;

--
-- Table structure for table `products`
--

DROP TABLE IF EXISTS products;
/*!40101 SET @saved_cs_client     = @@character_set_client */;
/*!50503 SET character_set_client = utf8mb4 */;
CREATE TABLE products (
  product_id text,
  product_name text,
  category text,
  unit_price int DEFAULT NULL
) ENGINE=InnoDB DEFAULT CHARSET=utf8mb4 COLLATE=utf8mb4_0900_ai_ci;
/*!40101 SET character_set_client = @saved_cs_client */;

--
-- Dumping data for table `products`
--

LOCK TABLES products WRITE;
/*!40000 ALTER TABLE products DISABLE KEYS */;
INSERT INTO products VALUES ('P1000','','Supplement',75),('P1001','Cough Syrup','Analgesic',60),('P1002','Paracetamol','Syrup',120),('P1003','Paracetamol','Analgesic',120),('P1004','','Syrup',100),('P1005','Azithromycin','Supplement',100),('P1006','Amoxicillin','',120),('P1007','Ibuprofen','Supplement',75),('P1008','','Supplement',45),('P1009','Antacid','',100),('P1010','Paracetamol','Analgesic',60),('P1011','Cough Syrup','Analgesic',75),('P1012','Antacid','Analgesic',120),('P1013','Cough Syrup','Antibiotic',120),('P1014','Cough Syrup','',120),('P1015','Insulin','',60),('P1016','','Supplement',60),('P1018','Antacid','Syrup',75),('P1019','Vitamin C','Syrup',100),('P1020','Amoxicillin','Analgesic',75),('P1021','Antacid','Analgesic',45),('P1022','Amoxicillin','Analgesic',75),('P1023','','',100),('P1024','Amoxicillin','Syrup',60),('P1025','Paracetamol','Syrup',45),('P1027','Vitamin C','Supplement',100),('P1028','Paracetamol','Supplement',100),('P1029','Azithromycin','Antibiotic',45),('P1030','Paracetamol','',75),('P1031','','Supplement',45),('P1032','Ibuprofen','Syrup',45),('P1033','Paracetamol','Syrup',100),('P1034','Amoxicillin','Antibiotic',100),('P1035','Antacid','Antibiotic',60),('P1036','Cough Syrup','Antibiotic',75),('P1037','Paracetamol','Supplement',100),('P1038','Paracetamol','Antibiotic',75),('P1039','Vitamin C','Supplement',60),('P1040','Vitamin C','',120),('P1041','Antacid','Syrup',100),('P1042','Azithromycin','Analgesic',100),('P1043','Cough Syrup','Syrup',100),('P1044','Antacid','Syrup',45),('P1045','Paracetamol','Analgesic',60),('P1046','Paracetamol','Analgesic',100),('P1047','Paracetamol','Syrup',100),('P1048','Vitamin C','Analgesic',60),('P1049','Amoxicillin','',75),('P1050','Insulin','Supplement',60),('P1051','Ibuprofen','Supplement',120),('P1052','','Antibiotic',75),('P1053','Amoxicillin','Antibiotic',100),('P1054','Insulin','',45),('P1055','','Supplement',45),('P1056','Paracetamol','Supplement',120),('P1057','Insulin','',120),('P1060','Insulin','',60),('P1061','Vitamin C','Antibiotic',60),('P1062','Paracetamol','Syrup',100),('P1063','Cough Syrup','Analgesic',75),('P1065','Amoxicillin','Syrup',120),('P1067','Ibuprofen','Analgesic',100),('P1068','Paracetamol','Supplement',60),('P1069','Azithromycin','Syrup',45),('P1070','Ibuprofen','Supplement',120),('P1071','Azithromycin','Antibiotic',120),('P1072','Ibuprofen','Analgesic',75),('P1074','Antacid','Supplement',120),('P1075','Paracetamol','Antibiotic',120),('P1076','Amoxicillin','Antibiotic',75),('P1077','Antacid','Supplement',100),('P1078','Ibuprofen','Supplement',45),('P1079','Azithromycin','',120),('P1081','Ibuprofen','',100),('P1082','Ibuprofen','Antibiotic',60),('P1083','Ibuprofen','Antibiotic',120),('P1084','Ibuprofen','Supplement',75),('P1085','Antacid','Supplement',60),('P1087','Insulin','Syrup',60),('P1089','Cough Syrup','',120),('P1090','Antacid','Analgesic',120),('P1091','Ibuprofen','',100),('P1093','Azithromycin','Analgesic',45),('P1095','','Antibiotic',60),('P1096','Ibuprofen','',100),('P1097','Ibuprofen','Antibiotic',75),('P1098','Paracetamol','',100),('P1099','','Analgesic',120),('P1100','Azithromycin','',45),('P1101','Cough Syrup','Antibiotic',120),('P1103','Amoxicillin','Antibiotic',120),('P1104','Paracetamol','Antibiotic',120),('P1105','','',100),('P1106','Ibuprofen','Antibiotic',60),('P1107','Ibuprofen','Supplement',60),('P1108','Cough Syrup','Analgesic',100),('P1110','','Syrup',45),('P1112','Paracetamol','Analgesic',45),('P1113','Azithromycin','Syrup',45),('P1114','Vitamin C','Syrup',75),('P1116','Paracetamol','Syrup',45),('P1118','Vitamin C','Antibiotic',60),('P1119','Azithromycin','Analgesic',75),('P1120','Insulin','',120),('P1121','Insulin','',45),('P1123','Azithromycin','Antibiotic',60),('P1124','Amoxicillin','',100),('P1125','Amoxicillin','Syrup',60),('P1126','Paracetamol','Syrup',100),('P1127','Amoxicillin','',120),('P1128','Amoxicillin','Syrup',45),('P1129','Antacid','Syrup',100),('P1130','Antacid','',100),('P1131','Azithromycin','',100),('P1132','Vitamin C','Supplement',100),('P1133','Ibuprofen','',45),('P1134','Vitamin C','Antibiotic',100),('P1136','Ibuprofen','',75),('P1137','Cough Syrup','Syrup',60),('P1139','Antacid','Analgesic',75),('P1140','Vitamin C','Antibiotic',60),('P1141','Azithromycin','Syrup',60),('P1142','Azithromycin','Supplement',60),('P1143','Amoxicillin','Antibiotic',60),('P1144','Insulin','Syrup',100),('P1145','Paracetamol','Antibiotic',60),('P1146','Vitamin C','Syrup',45),('P1147','Cough Syrup','Antibiotic',120),('P1148','Ibuprofen','Antibiotic',75),('P1149','Vitamin C','',100),('P1150','Paracetamol','Antibiotic',100),('P1151','Insulin','Supplement',120),('P1152','Amoxicillin','Supplement',120),('P1153','','Syrup',75),('P1154','Ibuprofen','',75),('P1155','Azithromycin','Syrup',45),('P1156','Amoxicillin','Antibiotic',100),('P1157','Insulin','Antibiotic',60),('P1158','Amoxicillin','Analgesic',100),('P1159','Paracetamol','Syrup',120),('P1160','Vitamin C','Analgesic',45),('P1161','Insulin','Supplement',120),('P1162','Ibuprofen','Analgesic',120),('P1164','Cough Syrup','Antibiotic',100),('P1165','Antacid','Supplement',120),('P1166','Paracetamol','Antibiotic',45),('P1167','Ibuprofen','Syrup',45),('P1168','Ibuprofen','Syrup',75),('P1169','Vitamin C','Antibiotic',75),('P1170','Antacid','Supplement',120),('P1171','Antacid','Supplement',60),('P1172','Vitamin C','',45),('P1173','Azithromycin','Supplement',120),('P1174','Azithromycin','Analgesic',120),('P1175','Vitamin C','Syrup',100),('P1176','Insulin','Syrup',100),('P1177','Paracetamol','',60),('P1178','Amoxicillin','Antibiotic',100),('P1179','Azithromycin','Analgesic',45),('P1181','Antacid','Supplement',60),('P1182','','Analgesic',45),('P1183','Vitamin C','Analgesic',75),('P1184','Amoxicillin','Supplement',120),('P1185','Ibuprofen','Analgesic',45),('P1186','','Supplement',45),('P1187','Vitamin C','Analgesic',45),('P1188','Antacid','',60),('P1189','Antacid','Syrup',100),('P1190','','',100),('P1191','Antacid','Analgesic',75),('P1192','Ibuprofen','Syrup',120),('P1193','Amoxicillin','',45),('P1194','Vitamin C','Analgesic',75),('P1196','','Supplement',100),('P1197','Insulin','Syrup',120),('P1198','Amoxicillin','Syrup',120),('P1199','Insulin','Supplement',120),('P1200','Cough Syrup','Supplement',100),('P1201','Azithromycin','',100),('P1202','','',60),('P1204','Paracetamol','Analgesic',120),('P1206','Vitamin C','Analgesic',45),('P1208','Azithromycin','Syrup',45),('P1209','Ibuprofen','',100),('P1210','Antacid','Analgesic',60),('P1211','Ibuprofen','Antibiotic',60),('P1212','Insulin','Supplement',45),('P1213','Vitamin C','Analgesic',75),('P1214','Ibuprofen','Antibiotic',100),('P1215','Antacid','Supplement',60),('P1216','Azithromycin','Antibiotic',60),('P1218','Ibuprofen','Analgesic',75),('P1219','Ibuprofen','Syrup',45),('P1220','Antacid','Analgesic',75),('P1221','Insulin','Supplement',100),('P1223','Vitamin C','',45),('P1224','Insulin','Analgesic',75),('P1225','Amoxicillin','Antibiotic',60),('P1226','Ibuprofen','Analgesic',75),('P1228','Insulin','',100),('P1230','Vitamin C','',45),('P1232','Azithromycin','Analgesic',120),('P1233','Vitamin C','Supplement',60),('P1234','Insulin','',45),('P1236','Paracetamol','Analgesic',45),('P1238','Paracetamol','Supplement',100),('P1239','Antacid','Supplement',100),('P1240','Ibuprofen','Analgesic',60),('P1241','Amoxicillin','Analgesic',75),('P1242','Antacid','Syrup',75),('P1243','Azithromycin','Antibiotic',60),('P1244','Azithromycin','Antibiotic',45),('P1245','Azithromycin','Antibiotic',75),('P1247','','Antibiotic',60),('P1249','','',45),('P1250','','Analgesic',45),('P1252','Antacid','Antibiotic',60),('P1253','Paracetamol','Antibiotic',120),('P1255','','Syrup',75),('P1256','Ibuprofen','Supplement',75),('P1257','Amoxicillin','Supplement',75),('P1258','Ibuprofen','',120),('P1259','Cough Syrup','Analgesic',75),('P1260','Amoxicillin','',75),('P1263','Azithromycin','Analgesic',45),('P1264','Paracetamol','',60),('P1265','Cough Syrup','Syrup',75),('P1266','Cough Syrup','',120),('P1267','Insulin','',100),('P1268','','Antibiotic',45),('P1269','Paracetamol','Analgesic',60),('P1270','Insulin','',45),('P1271','Amoxicillin','Syrup',60),('P1272','','Analgesic',120),('P1273','Insulin','Supplement',75),('P1277','Ibuprofen','Analgesic',75),('P1278','Vitamin C','Antibiotic',75),('P1280','Paracetamol','',60),('P1281','Insulin','Analgesic',120),('P1282','Ibuprofen','',75),('P1283','Paracetamol','Supplement',120),('P1285','','Supplement',60),('P1286','Cough Syrup','Analgesic',100),('P1287','','',120),('P1288','Vitamin C','Antibiotic',75),('P1289','Antacid','',100),('P1290','Azithromycin','Supplement',120),('P1291','Insulin','Antibiotic',60),('P1292','Insulin','Antibiotic',45),('P1293','Amoxicillin','Antibiotic',75),('P1294','Insulin','Antibiotic',120),('P1295','Cough Syrup','Antibiotic',75),('P1296','','Syrup',45),('P1298','Vitamin C','Supplement',120),('P1252','Antacid','Antibiotic',60),('P1053','Amoxicillin','Antibiotic',100),('P1116','Paracetamol','Syrup',45),('P1045','Paracetamol','Analgesic',60),('P1269','Paracetamol','Analgesic',60),('P1208','Azithromycin','Syrup',45),('P1023','','',100),('P1173','Azithromycin','Supplement',120),('P1234','Insulin','',45),('P1062','Paracetamol','Syrup',100),('P1292','Insulin','Antibiotic',45),('P1175','Vitamin C','Syrup',100),('P1273','Insulin','Supplement',75),('P1099','','Analgesic',120),('P1178','Amoxicillin','Antibiotic',100);
/*!40000 ALTER TABLE products ENABLE KEYS */;
UNLOCK TABLES;

--
-- Table structure for table `products2`
--

DROP TABLE IF EXISTS products2;
/*!40101 SET @saved_cs_client     = @@character_set_client */;
/*!50503 SET character_set_client = utf8mb4 */;
CREATE TABLE products2 (
  product_id varchar(10) NOT NULL,
  product_name text,
  category text,
  unit_price int DEFAULT NULL,
  PRIMARY KEY (product_id)
) ENGINE=InnoDB DEFAULT CHARSET=utf8mb4 COLLATE=utf8mb4_0900_ai_ci;
/*!40101 SET character_set_client = @saved_cs_client */;

--
-- Dumping data for table `products2`
--

LOCK TABLES products2 WRITE;
/*!40000 ALTER TABLE products2 DISABLE KEYS */;
INSERT INTO products2 VALUES ('P1000','Ibuprofen','Supplement',75),('P1001','Cough Syrup','Analgesic',60),('P1002','Paracetamol','Syrup',120),('P1003','Paracetamol','Analgesic',120),('P1004','Antacid','Syrup',100),('P1005','Azithromycin','Supplement',100),('P1006','Amoxicillin','Syrup',120),('P1007','Ibuprofen','Supplement',75),('P1008','Insulin','Supplement',45),('P1009','Antacid','Syrup',100),('P1010','Paracetamol','Analgesic',60),('P1011','Cough Syrup','Analgesic',75),('P1012','Antacid','Analgesic',120),('P1013','Cough Syrup','Antibiotic',120),('P1014','Cough Syrup','Antibiotic',120),('P1015','Insulin','Supplement',60),('P1016','Insulin','Supplement',60),('P1018','Antacid','Syrup',75),('P1019','Vitamin C','Syrup',100),('P1020','Amoxicillin','Analgesic',75),('P1021','Antacid','Analgesic',45),('P1022','Amoxicillin','Analgesic',75),('P1023','Antacid','Syrup',100),('P1024','Amoxicillin','Syrup',60),('P1025','Paracetamol','Syrup',45),('P1027','Vitamin C','Supplement',100),('P1028','Paracetamol','Supplement',100),('P1029','Azithromycin','Antibiotic',45),('P1030','Paracetamol','Antibiotic',75),('P1031','Insulin','Supplement',45),('P1032','Ibuprofen','Syrup',45),('P1033','Paracetamol','Syrup',100),('P1034','Amoxicillin','Antibiotic',100),('P1035','Antacid','Antibiotic',60),('P1036','Cough Syrup','Antibiotic',75),('P1037','Paracetamol','Supplement',100),('P1038','Paracetamol','Antibiotic',75),('P1039','Vitamin C','Supplement',60),('P1040','Vitamin C','Supplement',120),('P1041','Antacid','Syrup',100),('P1042','Azithromycin','Analgesic',100),('P1043','Cough Syrup','Syrup',100),('P1044','Antacid','Syrup',45),('P1045','Paracetamol','Analgesic',60),('P1046','Paracetamol','Analgesic',100),('P1047','Paracetamol','Syrup',100),('P1048','Vitamin C','Analgesic',60),('P1049','Amoxicillin','Analgesic',75),('P1050','Insulin','Supplement',60),('P1051','Ibuprofen','Supplement',120),('P1052','Paracetamol','Antibiotic',75),('P1053','Amoxicillin','Antibiotic',100),('P1054','Insulin','Supplement',45),('P1055','Insulin','Supplement',45),('P1056','Paracetamol','Supplement',120),('P1057','Insulin','Supplement',120),('P1060','Insulin','Supplement',60),('P1061','Vitamin C','Antibiotic',60),('P1062','Paracetamol','Syrup',100),('P1063','Cough Syrup','Analgesic',75),('P1065','Amoxicillin','Syrup',120),('P1067','Ibuprofen','Analgesic',100),('P1068','Paracetamol','Supplement',60),('P1069','Azithromycin','Syrup',45),('P1070','Ibuprofen','Supplement',120),('P1071','Azithromycin','Antibiotic',120),('P1072','Ibuprofen','Analgesic',75),('P1074','Antacid','Supplement',120),('P1075','Paracetamol','Antibiotic',120),('P1076','Amoxicillin','Antibiotic',75),('P1077','Antacid','Supplement',100),('P1078','Ibuprofen','Supplement',45),('P1079','Azithromycin','Antibiotic',120),('P1081','Ibuprofen','Analgesic',100),('P1082','Ibuprofen','Antibiotic',60),('P1083','Ibuprofen','Antibiotic',120),('P1084','Ibuprofen','Supplement',75),('P1085','Antacid','Supplement',60),('P1087','Insulin','Syrup',60),('P1089','Cough Syrup','Antibiotic',120),('P1090','Antacid','Analgesic',120),('P1091','Ibuprofen','Analgesic',100),('P1093','Azithromycin','Analgesic',45),('P1095','Antacid','Antibiotic',60),('P1096','Ibuprofen','Analgesic',100),('P1097','Ibuprofen','Antibiotic',75),('P1098','Paracetamol','Supplement',100),('P1099','Paracetamol','Analgesic',120),('P1100','Azithromycin','Antibiotic',45),('P1101','Cough Syrup','Antibiotic',120),('P1103','Amoxicillin','Antibiotic',120),('P1104','Paracetamol','Antibiotic',120),('P1105','Antacid','Syrup',100),('P1106','Ibuprofen','Antibiotic',60),('P1107','Ibuprofen','Supplement',60),('P1108','Cough Syrup','Analgesic',100),('P1110','Paracetamol','Syrup',45),('P1112','Paracetamol','Analgesic',45),('P1113','Azithromycin','Syrup',45),('P1114','Vitamin C','Syrup',75),('P1116','Paracetamol','Syrup',45),('P1118','Vitamin C','Antibiotic',60),('P1119','Azithromycin','Analgesic',75),('P1120','Insulin','Supplement',120),('P1121','Insulin','Supplement',45),('P1123','Azithromycin','Antibiotic',60),('P1124','Amoxicillin','Antibiotic',100),('P1125','Amoxicillin','Syrup',60),('P1126','Paracetamol','Syrup',100),('P1127','Amoxicillin','Syrup',120),('P1128','Amoxicillin','Syrup',45),('P1129','Antacid','Syrup',100),('P1130','Antacid','Syrup',100),('P1131','Azithromycin','Supplement',100),('P1132','Vitamin C','Supplement',100),('P1133','Ibuprofen','Syrup',45),('P1134','Vitamin C','Antibiotic',100),('P1136','Ibuprofen','Supplement',75),('P1137','Cough Syrup','Syrup',60),('P1139','Antacid','Analgesic',75),('P1140','Vitamin C','Antibiotic',60),('P1141','Azithromycin','Syrup',60),('P1142','Azithromycin','Supplement',60),('P1143','Amoxicillin','Antibiotic',60),('P1144','Insulin','Syrup',100),('P1145','Paracetamol','Antibiotic',60),('P1146','Vitamin C','Syrup',45),('P1147','Cough Syrup','Antibiotic',120),('P1148','Ibuprofen','Antibiotic',75),('P1149','Vitamin C','Syrup',100),('P1150','Paracetamol','Antibiotic',100),('P1151','Insulin','Supplement',120),('P1152','Amoxicillin','Supplement',120),('P1153','Antacid','Syrup',75),('P1154','Ibuprofen','Supplement',75),('P1155','Azithromycin','Syrup',45),('P1156','Amoxicillin','Antibiotic',100),('P1157','Insulin','Antibiotic',60),('P1158','Amoxicillin','Analgesic',100),('P1159','Paracetamol','Syrup',120),('P1160','Vitamin C','Analgesic',45),('P1161','Insulin','Supplement',120),('P1162','Ibuprofen','Analgesic',120),('P1164','Cough Syrup','Antibiotic',100),('P1165','Antacid','Supplement',120),('P1166','Paracetamol','Antibiotic',45),('P1167','Ibuprofen','Syrup',45),('P1168','Ibuprofen','Syrup',75),('P1169','Vitamin C','Antibiotic',75),('P1170','Antacid','Supplement',120),('P1171','Antacid','Supplement',60),('P1172','Vitamin C','Syrup',45),('P1173','Azithromycin','Supplement',120),('P1174','Azithromycin','Analgesic',120),('P1175','Vitamin C','Syrup',100),('P1176','Insulin','Syrup',100),('P1177','Paracetamol','Analgesic',60),('P1178','Amoxicillin','Antibiotic',100),('P1179','Azithromycin','Analgesic',45),('P1181','Antacid','Supplement',60),('P1182','Antacid','Analgesic',45),('P1183','Vitamin C','Analgesic',75),('P1184','Amoxicillin','Supplement',120),('P1185','Ibuprofen','Analgesic',45),('P1186','Insulin','Supplement',45),('P1187','Vitamin C','Analgesic',45),('P1188','Antacid','Antibiotic',60),('P1189','Antacid','Syrup',100),('P1190','Antacid','Syrup',100),('P1191','Antacid','Analgesic',75),('P1192','Ibuprofen','Syrup',120),('P1193','Amoxicillin','Syrup',45),('P1194','Vitamin C','Analgesic',75),('P1196','Azithromycin','Supplement',100),('P1197','Insulin','Syrup',120),('P1198','Amoxicillin','Syrup',120),('P1199','Insulin','Supplement',120),('P1200','Cough Syrup','Supplement',100),('P1201','Azithromycin','Supplement',100),('P1202','Insulin','Supplement',60),('P1204','Paracetamol','Analgesic',120),('P1206','Vitamin C','Analgesic',45),('P1208','Azithromycin','Syrup',45),('P1209','Ibuprofen','Analgesic',100),('P1210','Antacid','Analgesic',60),('P1211','Ibuprofen','Antibiotic',60),('P1212','Insulin','Supplement',45),('P1213','Vitamin C','Analgesic',75),('P1214','Ibuprofen','Antibiotic',100),('P1215','Antacid','Supplement',60),('P1216','Azithromycin','Antibiotic',60),('P1218','Ibuprofen','Analgesic',75),('P1219','Ibuprofen','Syrup',45),('P1220','Antacid','Analgesic',75),('P1221','Insulin','Supplement',100),('P1223','Vitamin C','Syrup',45),('P1224','Insulin','Analgesic',75),('P1225','Amoxicillin','Antibiotic',60),('P1226','Ibuprofen','Analgesic',75),('P1228','Insulin','Syrup',100),('P1230','Vitamin C','Syrup',45),('P1232','Azithromycin','Analgesic',120),('P1233','Vitamin C','Supplement',60),('P1234','Insulin','Supplement',45),('P1236','Paracetamol','Analgesic',45),('P1238','Paracetamol','Supplement',100),('P1239','Antacid','Supplement',100),('P1240','Ibuprofen','Analgesic',60),('P1241','Amoxicillin','Analgesic',75),('P1242','Antacid','Syrup',75),('P1243','Azithromycin','Antibiotic',60),('P1244','Azithromycin','Antibiotic',45),('P1245','Azithromycin','Antibiotic',75),('P1247','Antacid','Antibiotic',60),('P1249','Insulin','Supplement',45),('P1250','Antacid','Analgesic',45),('P1252','Antacid','Antibiotic',60),('P1253','Paracetamol','Antibiotic',120),('P1255','Antacid','Syrup',75),('P1256','Ibuprofen','Supplement',75),('P1257','Amoxicillin','Supplement',75),('P1258','Ibuprofen','Supplement',120),('P1259','Cough Syrup','Analgesic',75),('P1260','Amoxicillin','Analgesic',75),('P1263','Azithromycin','Analgesic',45),('P1264','Paracetamol','Analgesic',60),('P1265','Cough Syrup','Syrup',75),('P1266','Cough Syrup','Antibiotic',120),('P1267','Insulin','Syrup',100),('P1268','Azithromycin','Antibiotic',45),('P1269','Paracetamol','Analgesic',60),('P1270','Insulin','Supplement',45),('P1271','Amoxicillin','Syrup',60),('P1272','Paracetamol','Analgesic',120),('P1273','Insulin','Supplement',75),('P1277','Ibuprofen','Analgesic',75),('P1278','Vitamin C','Antibiotic',75),('P1280','Paracetamol','Analgesic',60),('P1281','Insulin','Analgesic',120),('P1282','Ibuprofen','Supplement',75),('P1283','Paracetamol','Supplement',120),('P1285','Insulin','Supplement',60),('P1286','Cough Syrup','Analgesic',100),('P1287','Paracetamol','Analgesic',120),('P1288','Vitamin C','Antibiotic',75),('P1289','Antacid','Syrup',100),('P1290','Azithromycin','Supplement',120),('P1291','Insulin','Antibiotic',60),('P1292','Insulin','Antibiotic',45),('P1293','Amoxicillin','Antibiotic',75),('P1294','Insulin','Antibiotic',120),('P1295','Cough Syrup','Antibiotic',75),('P1296','Paracetamol','Syrup',45),('P1298','Vitamin C','Supplement',120);
/*!40000 ALTER TABLE products2 ENABLE KEYS */;
UNLOCK TABLES;

--
-- Table structure for table `products_300`
--

DROP TABLE IF EXISTS products_300;
/*!40101 SET @saved_cs_client     = @@character_set_client */;
/*!50503 SET character_set_client = utf8mb4 */;
CREATE TABLE products_300 (
  product_id text,
  product_name text,
  category text,
  unit_price int DEFAULT NULL
) ENGINE=InnoDB DEFAULT CHARSET=utf8mb4 COLLATE=utf8mb4_0900_ai_ci;
/*!40101 SET character_set_client = @saved_cs_client */;

--
-- Dumping data for table `products_300`
--

LOCK TABLES products_300 WRITE;
/*!40000 ALTER TABLE products_300 DISABLE KEYS */;
INSERT INTO products_300 VALUES ('P1000','','Supplement',75),('P1001','Cough Syrup','Analgesic',60),('P1002','Paracetamol','Syrup',120),('P1003','Paracetamol','Analgesic',120),('P1004','','Syrup',100),('P1005','Azithromycin','Supplement',100),('P1006','Amoxicillin','',120),('P1007','Ibuprofen','Supplement',75),('P1008','','Supplement',45),('P1009','Antacid','',100),('P1010','Paracetamol','Analgesic',60),('P1011','Cough Syrup','Analgesic',75),('P1012','Antacid','Analgesic',120),('P1013','Cough Syrup','Antibiotic',120),('P1014','Cough Syrup','',120),('P1015','Insulin','',60),('P1016','','Supplement',60),('P1018','Antacid','Syrup',75),('P1019','Vitamin C','Syrup',100),('P1020','Amoxicillin','Analgesic',75),('P1021','Antacid','Analgesic',45),('P1022','Amoxicillin','Analgesic',75),('P1023','','',100),('P1024','Amoxicillin','Syrup',60),('P1025','Paracetamol','Syrup',45),('P1027','Vitamin C','Supplement',100),('P1028','Paracetamol','Supplement',100),('P1029','Azithromycin','Antibiotic',45),('P1030','Paracetamol','',75),('P1031','','Supplement',45),('P1032','Ibuprofen','Syrup',45),('P1033','Paracetamol','Syrup',100),('P1034','Amoxicillin','Antibiotic',100),('P1035','Antacid','Antibiotic',60),('P1036','Cough Syrup','Antibiotic',75),('P1037','Paracetamol','Supplement',100),('P1038','Paracetamol','Antibiotic',75),('P1039','Vitamin C','Supplement',60),('P1040','Vitamin C','',120),('P1041','Antacid','Syrup',100),('P1042','Azithromycin','Analgesic',100),('P1043','Cough Syrup','Syrup',100),('P1044','Antacid','Syrup',45),('P1045','Paracetamol','Analgesic',60),('P1046','Paracetamol','Analgesic',100),('P1047','Paracetamol','Syrup',100),('P1048','Vitamin C','Analgesic',60),('P1049','Amoxicillin','',75),('P1050','Insulin','Supplement',60),('P1051','Ibuprofen','Supplement',120),('P1052','','Antibiotic',75),('P1053','Amoxicillin','Antibiotic',100),('P1054','Insulin','',45),('P1055','','Supplement',45),('P1056','Paracetamol','Supplement',120),('P1057','Insulin','',120),('P1060','Insulin','',60),('P1061','Vitamin C','Antibiotic',60),('P1062','Paracetamol','Syrup',100),('P1063','Cough Syrup','Analgesic',75),('P1065','Amoxicillin','Syrup',120),('P1067','Ibuprofen','Analgesic',100),('P1068','Paracetamol','Supplement',60),('P1069','Azithromycin','Syrup',45),('P1070','Ibuprofen','Supplement',120),('P1071','Azithromycin','Antibiotic',120),('P1072','Ibuprofen','Analgesic',75),('P1074','Antacid','Supplement',120),('P1075','Paracetamol','Antibiotic',120),('P1076','Amoxicillin','Antibiotic',75),('P1077','Antacid','Supplement',100),('P1078','Ibuprofen','Supplement',45),('P1079','Azithromycin','',120),('P1081','Ibuprofen','',100),('P1082','Ibuprofen','Antibiotic',60),('P1083','Ibuprofen','Antibiotic',120),('P1084','Ibuprofen','Supplement',75),('P1085','Antacid','Supplement',60),('P1087','Insulin','Syrup',60),('P1089','Cough Syrup','',120),('P1090','Antacid','Analgesic',120),('P1091','Ibuprofen','',100),('P1093','Azithromycin','Analgesic',45),('P1095','','Antibiotic',60),('P1096','Ibuprofen','',100),('P1097','Ibuprofen','Antibiotic',75),('P1098','Paracetamol','',100),('P1099','','Analgesic',120),('P1100','Azithromycin','',45),('P1101','Cough Syrup','Antibiotic',120),('P1103','Amoxicillin','Antibiotic',120),('P1104','Paracetamol','Antibiotic',120),('P1105','','',100),('P1106','Ibuprofen','Antibiotic',60),('P1107','Ibuprofen','Supplement',60),('P1108','Cough Syrup','Analgesic',100),('P1110','','Syrup',45),('P1112','Paracetamol','Analgesic',45),('P1113','Azithromycin','Syrup',45),('P1114','Vitamin C','Syrup',75),('P1116','Paracetamol','Syrup',45),('P1118','Vitamin C','Antibiotic',60),('P1119','Azithromycin','Analgesic',75),('P1120','Insulin','',120),('P1121','Insulin','',45),('P1123','Azithromycin','Antibiotic',60),('P1124','Amoxicillin','',100),('P1125','Amoxicillin','Syrup',60),('P1126','Paracetamol','Syrup',100),('P1127','Amoxicillin','',120),('P1128','Amoxicillin','Syrup',45),('P1129','Antacid','Syrup',100),('P1130','Antacid','',100),('P1131','Azithromycin','',100),('P1132','Vitamin C','Supplement',100),('P1133','Ibuprofen','',45),('P1134','Vitamin C','Antibiotic',100),('P1136','Ibuprofen','',75),('P1137','Cough Syrup','Syrup',60),('P1139','Antacid','Analgesic',75),('P1140','Vitamin C','Antibiotic',60),('P1141','Azithromycin','Syrup',60),('P1142','Azithromycin','Supplement',60),('P1143','Amoxicillin','Antibiotic',60),('P1144','Insulin','Syrup',100),('P1145','Paracetamol','Antibiotic',60),('P1146','Vitamin C','Syrup',45),('P1147','Cough Syrup','Antibiotic',120),('P1148','Ibuprofen','Antibiotic',75),('P1149','Vitamin C','',100),('P1150','Paracetamol','Antibiotic',100),('P1151','Insulin','Supplement',120),('P1152','Amoxicillin','Supplement',120),('P1153','','Syrup',75),('P1154','Ibuprofen','',75),('P1155','Azithromycin','Syrup',45),('P1156','Amoxicillin','Antibiotic',100),('P1157','Insulin','Antibiotic',60),('P1158','Amoxicillin','Analgesic',100),('P1159','Paracetamol','Syrup',120),('P1160','Vitamin C','Analgesic',45),('P1161','Insulin','Supplement',120),('P1162','Ibuprofen','Analgesic',120),('P1164','Cough Syrup','Antibiotic',100),('P1165','Antacid','Supplement',120),('P1166','Paracetamol','Antibiotic',45),('P1167','Ibuprofen','Syrup',45),('P1168','Ibuprofen','Syrup',75),('P1169','Vitamin C','Antibiotic',75),('P1170','Antacid','Supplement',120),('P1171','Antacid','Supplement',60),('P1172','Vitamin C','',45),('P1173','Azithromycin','Supplement',120),('P1174','Azithromycin','Analgesic',120),('P1175','Vitamin C','Syrup',100),('P1176','Insulin','Syrup',100),('P1177','Paracetamol','',60),('P1178','Amoxicillin','Antibiotic',100),('P1179','Azithromycin','Analgesic',45),('P1181','Antacid','Supplement',60),('P1182','','Analgesic',45),('P1183','Vitamin C','Analgesic',75),('P1184','Amoxicillin','Supplement',120),('P1185','Ibuprofen','Analgesic',45),('P1186','','Supplement',45),('P1187','Vitamin C','Analgesic',45),('P1188','Antacid','',60),('P1189','Antacid','Syrup',100),('P1190','','',100),('P1191','Antacid','Analgesic',75),('P1192','Ibuprofen','Syrup',120),('P1193','Amoxicillin','',45),('P1194','Vitamin C','Analgesic',75),('P1196','','Supplement',100),('P1197','Insulin','Syrup',120),('P1198','Amoxicillin','Syrup',120),('P1199','Insulin','Supplement',120),('P1200','Cough Syrup','Supplement',100),('P1201','Azithromycin','',100),('P1202','','',60),('P1204','Paracetamol','Analgesic',120),('P1206','Vitamin C','Analgesic',45),('P1208','Azithromycin','Syrup',45),('P1209','Ibuprofen','',100),('P1210','Antacid','Analgesic',60),('P1211','Ibuprofen','Antibiotic',60),('P1212','Insulin','Supplement',45),('P1213','Vitamin C','Analgesic',75),('P1214','Ibuprofen','Antibiotic',100),('P1215','Antacid','Supplement',60),('P1216','Azithromycin','Antibiotic',60),('P1218','Ibuprofen','Analgesic',75),('P1219','Ibuprofen','Syrup',45),('P1220','Antacid','Analgesic',75),('P1221','Insulin','Supplement',100),('P1223','Vitamin C','',45),('P1224','Insulin','Analgesic',75),('P1225','Amoxicillin','Antibiotic',60),('P1226','Ibuprofen','Analgesic',75),('P1228','Insulin','',100),('P1230','Vitamin C','',45),('P1232','Azithromycin','Analgesic',120),('P1233','Vitamin C','Supplement',60),('P1234','Insulin','',45),('P1236','Paracetamol','Analgesic',45),('P1238','Paracetamol','Supplement',100),('P1239','Antacid','Supplement',100),('P1240','Ibuprofen','Analgesic',60),('P1241','Amoxicillin','Analgesic',75),('P1242','Antacid','Syrup',75),('P1243','Azithromycin','Antibiotic',60),('P1244','Azithromycin','Antibiotic',45),('P1245','Azithromycin','Antibiotic',75),('P1247','','Antibiotic',60),('P1249','','',45),('P1250','','Analgesic',45),('P1252','Antacid','Antibiotic',60),('P1253','Paracetamol','Antibiotic',120),('P1255','','Syrup',75),('P1256','Ibuprofen','Supplement',75),('P1257','Amoxicillin','Supplement',75),('P1258','Ibuprofen','',120),('P1259','Cough Syrup','Analgesic',75),('P1260','Amoxicillin','',75),('P1263','Azithromycin','Analgesic',45),('P1264','Paracetamol','',60),('P1265','Cough Syrup','Syrup',75),('P1266','Cough Syrup','',120),('P1267','Insulin','',100),('P1268','','Antibiotic',45),('P1269','Paracetamol','Analgesic',60),('P1270','Insulin','',45),('P1271','Amoxicillin','Syrup',60),('P1272','','Analgesic',120),('P1273','Insulin','Supplement',75),('P1277','Ibuprofen','Analgesic',75),('P1278','Vitamin C','Antibiotic',75),('P1280','Paracetamol','',60),('P1281','Insulin','Analgesic',120),('P1282','Ibuprofen','',75),('P1283','Paracetamol','Supplement',120),('P1285','','Supplement',60),('P1286','Cough Syrup','Analgesic',100),('P1287','','',120),('P1288','Vitamin C','Antibiotic',75),('P1289','Antacid','',100),('P1290','Azithromycin','Supplement',120),('P1291','Insulin','Antibiotic',60),('P1292','Insulin','Antibiotic',45),('P1293','Amoxicillin','Antibiotic',75),('P1294','Insulin','Antibiotic',120),('P1295','Cough Syrup','Antibiotic',75),('P1296','','Syrup',45),('P1298','Vitamin C','Supplement',120),('P1252','Antacid','Antibiotic',60),('P1053','Amoxicillin','Antibiotic',100),('P1116','Paracetamol','Syrup',45),('P1045','Paracetamol','Analgesic',60),('P1269','Paracetamol','Analgesic',60),('P1208','Azithromycin','Syrup',45),('P1023','','',100),('P1173','Azithromycin','Supplement',120),('P1234','Insulin','',45),('P1062','Paracetamol','Syrup',100),('P1292','Insulin','Antibiotic',45),('P1175','Vitamin C','Syrup',100),('P1273','Insulin','Supplement',75),('P1099','','Analgesic',120),('P1178','Amoxicillin','Antibiotic',100);
/*!40000 ALTER TABLE products_300 ENABLE KEYS */;
UNLOCK TABLES;

--
-- Table structure for table `sales`
--

DROP TABLE IF EXISTS sales;
/*!40101 SET @saved_cs_client     = @@character_set_client */;
/*!50503 SET character_set_client = utf8mb4 */;
CREATE TABLE sales (
  sale_id int DEFAULT NULL,
  customer_id text,
  product_id text,
  quantity int DEFAULT NULL,
  unit_price text,
  sale_date text
) ENGINE=InnoDB DEFAULT CHARSET=utf8mb4 COLLATE=utf8mb4_0900_ai_ci;
/*!40101 SET character_set_client = @saved_cs_client */;

--
-- Dumping data for table `sales`
--

LOCK TABLES sales WRITE;
/*!40000 ALTER TABLE sales DISABLE KEYS */;
INSERT INTO sales VALUES (10000,'C684','P1172',3,'120','2024-08-30'),(10001,'C561','P1239',1,'120','2024-03-29'),(10002,'C597','P1177',5,'75','2024-03-10'),(10003,'C709','P1027',3,'','2024-12-13'),(10004,'C638','P1205',10,'75','2024-12-03'),(10005,'C709','P1248',1,'','2024-06-21'),(10006,'C611','P1118',5,'60','2024-04-24'),(10007,'C792','P1027',10,'45','2024-11-17'),(10008,'C592','P1288',1,'120','2024-09-12'),(10009,'C679','P1023',1,'60','2024-07-27'),(10010,'C540','P1049',10,'45','2024-11-17'),(10012,'C501','P1178',3,'100','2024-08-27'),(10015,'C570','P1010',2,'120','2024-04-15'),(10017,'C549','P1291',3,'75','2024-07-29'),(10018,'C587','P1299',5,'45','2024-11-05'),(10019,'C589','P1174',5,'100','2024-07-31'),(10020,'C548','P1104',1,'75','2024-05-24'),(10021,'C739','P1025',1,'','2024-09-09'),(10023,'C527','P1238',10,'100','2024-06-04'),(10024,'C562','P1239',10,'45','2024-05-29'),(10025,'C583','P1056',5,'75','2024-01-28'),(10027,'C707','P1077',3,'120','2024-05-18'),(10028,'C530','P1294',2,'120','2024-08-18'),(10029,'C549','P1197',5,'','2024-09-16'),(10030,'C645','P1103',10,'100','2024-04-04'),(10031,'C719','P1235',10,'100','2024-06-06'),(10032,'C770','P1255',3,'','2024-09-29'),(10033,'C528','P1090',3,'75','2024-09-11'),(10035,'C759','P1246',3,'60','2024-04-25'),(10037,'C526','P1012',3,'','2024-10-21'),(10038,'C765','P1009',2,'120','2024-03-23'),(10039,'C729','P1280',5,'','2024-08-30'),(10040,'C790','P1246',5,'75','2024-01-19'),(10041,'C510','P1095',2,'75','2024-09-02'),(10043,'C734','P1004',3,'','2024-04-05'),(10045,'C509','P1168',5,'60','2024-07-22'),(10046,'C675','P1288',10,'75','2024-12-14'),(10047,'C628','P1102',2,'45','2024-10-08'),(10048,'C609','P1041',10,'100','2024-06-03'),(10049,'C605','P1016',3,'120','2024-11-17'),(10050,'C690','P1280',3,'100','2024-07-22'),(10051,'C531','P1046',1,'','2024-04-21'),(10052,'C788','P1057',3,'45','2024-04-27'),(10053,'C612','P1270',5,'60','2024-11-08'),(10054,'C603','P1039',3,'45','2024-03-12'),(10055,'C756','P1237',10,'','2024-02-09'),(10056,'C501','P1171',5,'45','2024-06-09'),(10057,'C701','P1282',2,'75','2024-09-12'),(10058,'C557','P1179',2,'45','2024-05-15'),(10059,'C594','P1021',3,'120','2024-04-28'),(10060,'C679','P1124',3,'100','2024-11-25'),(10061,'C611','P1032',1,'','2024-04-17'),(10062,'C529','P1121',10,'75','2024-05-30'),(10067,'C576','P1045',1,'','2024-05-12'),(10068,'C639','P1106',5,'60','2024-01-22'),(10070,'C510','P1040',2,'75','2024-02-11'),(10071,'C611','P1241',3,'','2024-11-01'),(10072,'C743','P1260',1,'100','2024-07-10'),(10073,'C601','P1212',10,'60','2024-03-09'),(10074,'C561','P1267',2,'100','2024-12-12'),(10076,'C560','P1100',10,'','2024-05-11'),(10077,'C743','P1261',2,'45','2024-03-03'),(10078,'C654','P1211',5,'120','2024-03-14'),(10079,'C781','P1126',1,'75','2024-10-23'),(10080,'C661','P1215',1,'75','2024-12-29'),(10081,'C561','P1227',1,'','2024-08-06'),(10082,'C602','P1132',5,'75','2024-11-28'),(10083,'C693','P1282',1,'120','2024-04-24'),(10084,'C798','P1169',1,'45','2024-04-27'),(10085,'C647','P1006',2,'120','2024-05-10'),(10086,'C676','P1099',10,'75','2024-12-22'),(10087,'C727','P1088',2,'','2024-11-29'),(10088,'C718','P1111',10,'','2024-05-06'),(10090,'C631','P1070',2,'','2024-06-20'),(10091,'C591','P1217',2,'','2024-12-04'),(10092,'C722','P1294',1,'','2024-09-13'),(10093,'C704','P1066',10,'','2024-08-01'),(10094,'C691','P1292',5,'60','2024-03-28'),(10095,'C549','P1082',2,'120','2024-04-29'),(10096,'C526','P1119',3,'60','2024-09-01'),(10097,'C714','P1010',3,'60','2024-07-01'),(10098,'C676','P1178',2,'45','2024-07-06'),(10099,'C559','P1063',5,'','2024-07-13'),(10100,'C556','P1047',5,'75','2024-01-20'),(10101,'C563','P1140',2,'60','2024-03-04'),(10102,'C590','P1138',10,'','2024-11-20'),(10103,'C663','P1210',5,'60','2024-03-02'),(10104,'C641','P1161',2,'60','2024-05-07'),(10105,'C581','P1079',3,'120','2024-08-27'),(10106,'C521','P1056',5,'45','2024-06-19'),(10107,'C779','P1039',10,'','2024-02-22'),(10108,'C745','P1122',5,'45','2024-04-16'),(10110,'C766','P1246',2,'120','2024-01-18'),(10111,'C673','P1252',10,'','2024-11-28'),(10112,'C606','P1248',3,'120','2024-04-26'),(10113,'C777','P1138',1,'60','2024-02-03'),(10114,'C788','P1139',5,'100','2024-11-15'),(10116,'C662','P1004',2,'100','2024-01-02'),(10117,'C617','P1227',1,'75','2024-04-21'),(10118,'C612','P1061',3,'60','2024-05-22'),(10119,'C750','P1272',3,'75','2024-10-06'),(10120,'C752','P1160',5,'','2024-05-20'),(10121,'C579','P1260',10,'','2024-07-11'),(10122,'C760','P1189',2,'100','2024-08-30'),(10123,'C606','P1005',3,'45','2024-09-22'),(10124,'C560','P1147',5,'','2024-05-19'),(10125,'C509','P1047',1,'60','2024-01-14'),(10126,'C569','P1251',10,'120','2024-08-06'),(10128,'C664','P1148',1,'','2024-01-12'),(10130,'C767','P1227',5,'45','2024-05-10'),(10131,'C667','P1244',1,'45','2024-10-20'),(10132,'C522','P1050',1,'60','2024-04-27'),(10133,'C783','P1186',10,'','2024-04-06'),(10134,'C686','P1211',1,'45','2024-03-26'),(10135,'C529','P1174',5,'120','2024-02-12'),(10136,'C641','P1120',3,'','2024-09-22'),(10137,'C712','P1251',1,'60','2024-04-10'),(10140,'C772','P1072',1,'','2024-10-04'),(10142,'C729','P1015',3,'60','2024-09-20'),(10145,'C657','P1280',1,'45','2024-09-20'),(10146,'C536','P1101',1,'45','2024-06-02'),(10147,'C652','P1055',2,'100','2024-06-09'),(10148,'C686','P1231',10,'100','2024-10-11'),(10149,'C772','P1131',2,'45','2024-06-19'),(10150,'C624','P1255',3,'75','2024-06-16'),(10152,'C536','P1170',10,'75','2024-09-24'),(10154,'C546','P1093',2,'100','2024-06-24'),(10155,'C661','P1254',3,'','2024-04-29'),(10157,'C626','P1121',3,'','2024-03-17'),(10159,'C661','P1196',1,'60','2024-03-19'),(10160,'C688','P1299',5,'45','2024-02-16'),(10161,'C557','P1177',5,'120','2024-09-30'),(10163,'C743','P1198',1,'120','2024-05-19'),(10164,'C767','P1017',3,'','2024-03-30'),(10165,'C680','P1157',10,'','2024-12-23'),(10166,'C577','P1110',2,'120','2024-12-23'),(10167,'C778','P1188',10,'100','2024-04-26'),(10168,'C636','P1095',10,'120','2024-08-09'),(10169,'C715','P1142',2,'100','2024-09-03'),(10170,'C611','P1190',1,'','2024-01-19'),(10171,'C726','P1183',10,'','2024-10-27'),(10172,'C688','P1123',3,'120','2024-02-19'),(10173,'C576','P1130',1,'','2024-09-03'),(10174,'C624','P1006',3,'','2024-06-22'),(10175,'C734','P1051',3,'60','2024-07-24'),(10176,'C671','P1051',5,'45','2024-05-29'),(10177,'C685','P1163',5,'','2024-02-11'),(10178,'C535','P1059',5,'120','2024-09-12'),(10179,'C746','P1237',10,'45','2024-07-06'),(10180,'C533','P1219',3,'120','2024-11-08'),(10181,'C611','P1020',10,'100','2024-05-30'),(10183,'C765','P1021',1,'45','2024-10-27'),(10184,'C545','P1199',3,'','2024-09-12'),(10185,'C520','P1127',1,'45','2024-05-29'),(10186,'C779','P1181',10,'','2024-12-08'),(10187,'C723','P1144',5,'','2024-06-19'),(10188,'C688','P1047',5,'45','2024-05-05'),(10189,'C750','P1188',1,'45','2024-10-26'),(10190,'C581','P1296',1,'120','2024-03-14'),(10191,'C572','P1102',1,'100','2024-08-11'),(10193,'C678','P1094',5,'45','2024-09-27'),(10194,'C668','P1036',10,'','2024-01-02'),(10197,'C708','P1247',3,'75','2024-04-27'),(10198,'C664','P1154',3,'75','2024-04-30'),(10199,'C624','P1062',10,'100','2024-01-26'),(10200,'C563','P1258',1,'100','2024-01-21'),(10201,'C780','P1029',1,'60','2024-02-13'),(10202,'C737','P1057',5,'','2024-12-22'),(10205,'C708','P1041',2,'120','2024-12-24'),(10207,'C791','P1265',2,'100','2024-01-27'),(10208,'C535','P1115',1,'75','2024-05-23'),(10209,'C732','P1130',2,'45','2024-09-28'),(10210,'C783','P1166',2,'100','2024-02-04'),(10211,'C663','P1253',1,'','2024-03-13'),(10214,'C687','P1157',2,'45','2024-04-27'),(10215,'C723','P1070',10,'75','2024-06-28'),(10216,'C595','P1170',10,'','2024-02-01'),(10217,'C742','P1053',5,'75','2024-05-27'),(10218,'C604','P1236',5,'45','2024-08-24'),(10219,'C518','P1174',1,'45','2024-04-06'),(10220,'C666','P1190',2,'60','2024-11-14'),(10221,'C713','P1014',2,'45','2024-09-28'),(10222,'C632','P1199',3,'45','2024-04-23'),(10223,'C768','P1299',5,'100','2024-01-18'),(10225,'C773','P1079',3,'60','2024-01-07'),(10226,'C630','P1059',5,'60','2024-10-13'),(10227,'C783','P1293',3,'100','2024-05-10'),(10228,'C649','P1070',10,'','2024-08-05'),(10232,'C773','P1275',2,'45','2024-12-10'),(10234,'C624','P1261',2,'100','2024-05-17'),(10235,'C677','P1261',10,'','2024-05-29'),(10237,'C599','P1113',3,'60','2024-01-19'),(10238,'C792','P1169',2,'45','2024-01-16'),(10239,'C726','P1254',2,'','2024-02-23'),(10240,'C774','P1023',3,'75','2024-02-23'),(10241,'C757','P1178',2,'120','2024-01-17'),(10242,'C745','P1177',3,'75','2024-05-21'),(10243,'C713','P1142',5,'','2024-04-05'),(10244,'C537','P1072',1,'45','2024-01-03'),(10246,'C702','P1079',2,'100','2024-06-30'),(10247,'C538','P1072',5,'75','2024-11-16'),(10248,'C686','P1108',10,'120','2024-12-13'),(10249,'C795','P1138',5,'75','2024-05-24'),(10252,'C548','P1002',10,'75','2024-12-20'),(10253,'C647','P1200',5,'120','2024-01-20'),(10255,'C635','P1287',5,'45','2024-04-20'),(10256,'C632','P1267',3,'45','2024-01-17'),(10258,'C737','P1095',2,'','2024-09-19'),(10260,'C568','P1284',2,'75','2024-10-24'),(10261,'C547','P1038',3,'45','2024-01-27'),(10262,'C502','P1255',5,'100','2024-07-03'),(10264,'C716','P1289',2,'120','2024-02-10'),(10265,'C642','P1275',5,'100','2024-04-03'),(10266,'C771','P1297',2,'60','2024-09-17'),(10268,'C706','P1067',2,'75','2024-05-10'),(10269,'C710','P1070',5,'60','2024-07-23'),(10270,'C673','P1046',10,'100','2024-03-06'),(10271,'C790','P1035',2,'','2024-08-01'),(10272,'C668','P1087',5,'45','2024-09-23'),(10274,'C685','P1213',3,'100','2024-04-13'),(10275,'C513','P1137',1,'','2024-07-07'),(10276,'C647','P1169',2,'60','2024-07-26'),(10277,'C752','P1007',2,'','2024-06-22'),(10279,'C732','P1028',5,'100','2024-05-26'),(10280,'C702','P1013',5,'','2024-10-08'),(10281,'C578','P1296',1,'60','2024-11-29'),(10282,'C652','P1269',2,'75','2024-01-30'),(10283,'C686','P1123',5,'120','2024-12-30'),(10285,'C753','P1023',2,'45','2024-08-19'),(10286,'C513','P1008',2,'','2024-11-25'),(10287,'C726','P1099',1,'75','2024-02-07'),(10288,'C769','P1291',1,'75','2024-02-19'),(10289,'C555','P1217',3,'100','2024-10-12'),(10290,'C717','P1165',3,'100','2024-08-06'),(10292,'C788','P1273',2,'45','2024-03-01'),(10293,'C664','P1050',10,'','2024-12-02'),(10294,'C606','P1299',1,'60','2024-12-07'),(10295,'C798','P1054',5,'75','2024-01-18'),(10296,'C740','P1209',3,'45','2024-07-08'),(10297,'C612','P1270',3,'','2024-08-07'),(10299,'C688','P1238',3,'75','2024-05-13'),(10201,'C780','P1029',1,'60','2024-02-13'),(10140,'C772','P1072',1,'','2024-10-04'),(10167,'C778','P1188',10,'100','2024-04-26'),(10137,'C712','P1251',1,'60','2024-04-10'),(10194,'C668','P1036',10,'','2024-01-02'),(10097,'C714','P1010',3,'60','2024-07-01'),(10177,'C685','P1163',5,'','2024-02-11'),(10265,'C642','P1275',5,'100','2024-04-03'),(10037,'C526','P1012',3,'','2024-10-21'),(10041,'C510','P1095',2,'75','2024-09-02'),(10023,'C527','P1238',10,'100','2024-06-04'),(10007,'C792','P1027',10,'45','2024-11-17'),(10264,'C716','P1289',2,'120','2024-02-10'),(10226,'C630','P1059',5,'60','2024-10-13'),(10157,'C626','P1121',3,'','2024-03-17'),(10243,'C713','P1142',5,'','2024-04-05'),(10111,'C673','P1252',10,'','2024-11-28'),(10085,'C647','P1006',2,'120','2024-05-10'),(10183,'C765','P1021',1,'45','2024-10-27'),(10207,'C791','P1265',2,'100','2024-01-27'),(10261,'C547','P1038',3,'45','2024-01-27'),(10219,'C518','P1174',1,'45','2024-04-06'),(10136,'C641','P1120',3,'','2024-09-22'),(10021,'C739','P1025',1,'','2024-09-09'),(10005,'C709','P1248',1,'','2024-06-21'),(10178,'C535','P1059',5,'120','2024-09-12'),(10189,'C750','P1188',1,'45','2024-10-26'),(10142,'C729','P1015',3,'60','2024-09-20'),(10080,'C661','P1215',1,'75','2024-12-29'),(10114,'C788','P1139',5,'100','2024-11-15'),(10181,'C611','P1020',10,'100','2024-05-30'),(10079,'C781','P1126',1,'75','2024-10-23'),(10247,'C538','P1072',5,'75','2024-11-16');
/*!40000 ALTER TABLE sales ENABLE KEYS */;
UNLOCK TABLES;

--
-- Table structure for table `sales2`
--

DROP TABLE IF EXISTS sales2;
/*!40101 SET @saved_cs_client     = @@character_set_client */;
/*!50503 SET character_set_client = utf8mb4 */;
CREATE TABLE sales2 (
  sale_id int DEFAULT NULL,
  customer_id text,
  product_id text,
  quantity int DEFAULT NULL,
  unit_price text,
  sale_date text,
  rownum int DEFAULT NULL
) ENGINE=InnoDB DEFAULT CHARSET=utf8mb4 COLLATE=utf8mb4_0900_ai_ci;
/*!40101 SET character_set_client = @saved_cs_client */;

--
-- Dumping data for table `sales2`
--

LOCK TABLES sales2 WRITE;
/*!40000 ALTER TABLE sales2 DISABLE KEYS */;
INSERT INTO sales2 VALUES (10000,'C684','P1172',3,'120','2024-08-30',1),(10001,'C561','P1239',1,'120','2024-03-29',1),(10002,'C597','P1177',5,'75','2024-03-10',1),(10003,'C709','P1027',3,'','2024-12-13',1),(10004,'C638','P1205',10,'75','2024-12-03',1),(10005,'C709','P1248',1,'','2024-06-21',1),(10006,'C611','P1118',5,'60','2024-04-24',1),(10007,'C792','P1027',10,'45','2024-11-17',1),(10008,'C592','P1288',1,'120','2024-09-12',1),(10009,'C679','P1023',1,'60','2024-07-27',1),(10010,'C540','P1049',10,'45','2024-11-17',1),(10012,'C501','P1178',3,'100','2024-08-27',1),(10015,'C570','P1010',2,'120','2024-04-15',1),(10017,'C549','P1291',3,'75','2024-07-29',1),(10018,'C587','P1299',5,'45','2024-11-05',1),(10019,'C589','P1174',5,'100','2024-07-31',1),(10020,'C548','P1104',1,'75','2024-05-24',1),(10021,'C739','P1025',1,'','2024-09-09',1),(10023,'C527','P1238',10,'100','2024-06-04',1),(10024,'C562','P1239',10,'45','2024-05-29',1),(10025,'C583','P1056',5,'75','2024-01-28',1),(10027,'C707','P1077',3,'120','2024-05-18',1),(10028,'C530','P1294',2,'120','2024-08-18',1),(10029,'C549','P1197',5,'','2024-09-16',1),(10030,'C645','P1103',10,'100','2024-04-04',1),(10031,'C719','P1235',10,'100','2024-06-06',1),(10032,'C770','P1255',3,'','2024-09-29',1),(10033,'C528','P1090',3,'75','2024-09-11',1),(10035,'C759','P1246',3,'60','2024-04-25',1),(10037,'C526','P1012',3,'','2024-10-21',1),(10038,'C765','P1009',2,'120','2024-03-23',1),(10039,'C729','P1280',5,'','2024-08-30',1),(10040,'C790','P1246',5,'75','2024-01-19',1),(10041,'C510','P1095',2,'75','2024-09-02',1),(10043,'C734','P1004',3,'','2024-04-05',1),(10045,'C509','P1168',5,'60','2024-07-22',1),(10046,'C675','P1288',10,'75','2024-12-14',1),(10047,'C628','P1102',2,'45','2024-10-08',1),(10048,'C609','P1041',10,'100','2024-06-03',1),(10049,'C605','P1016',3,'120','2024-11-17',1),(10050,'C690','P1280',3,'100','2024-07-22',1),(10051,'C531','P1046',1,'','2024-04-21',1),(10052,'C788','P1057',3,'45','2024-04-27',1),(10053,'C612','P1270',5,'60','2024-11-08',1),(10054,'C603','P1039',3,'45','2024-03-12',1),(10055,'C756','P1237',10,'','2024-02-09',1),(10056,'C501','P1171',5,'45','2024-06-09',1),(10057,'C701','P1282',2,'75','2024-09-12',1),(10058,'C557','P1179',2,'45','2024-05-15',1),(10059,'C594','P1021',3,'120','2024-04-28',1),(10060,'C679','P1124',3,'100','2024-11-25',1),(10061,'C611','P1032',1,'','2024-04-17',1),(10062,'C529','P1121',10,'75','2024-05-30',1),(10067,'C576','P1045',1,'','2024-05-12',1),(10068,'C639','P1106',5,'60','2024-01-22',1),(10070,'C510','P1040',2,'75','2024-02-11',1),(10071,'C611','P1241',3,'','2024-11-01',1),(10072,'C743','P1260',1,'100','2024-07-10',1),(10073,'C601','P1212',10,'60','2024-03-09',1),(10074,'C561','P1267',2,'100','2024-12-12',1),(10076,'C560','P1100',10,'','2024-05-11',1),(10077,'C743','P1261',2,'45','2024-03-03',1),(10078,'C654','P1211',5,'120','2024-03-14',1),(10079,'C781','P1126',1,'75','2024-10-23',1),(10080,'C661','P1215',1,'75','2024-12-29',1),(10081,'C561','P1227',1,'','2024-08-06',1),(10082,'C602','P1132',5,'75','2024-11-28',1),(10083,'C693','P1282',1,'120','2024-04-24',1),(10084,'C798','P1169',1,'45','2024-04-27',1),(10085,'C647','P1006',2,'120','2024-05-10',1),(10086,'C676','P1099',10,'75','2024-12-22',1),(10087,'C727','P1088',2,'','2024-11-29',1),(10088,'C718','P1111',10,'','2024-05-06',1),(10090,'C631','P1070',2,'','2024-06-20',1),(10091,'C591','P1217',2,'','2024-12-04',1),(10092,'C722','P1294',1,'','2024-09-13',1),(10093,'C704','P1066',10,'','2024-08-01',1),(10094,'C691','P1292',5,'60','2024-03-28',1),(10095,'C549','P1082',2,'120','2024-04-29',1),(10096,'C526','P1119',3,'60','2024-09-01',1),(10097,'C714','P1010',3,'60','2024-07-01',1),(10098,'C676','P1178',2,'45','2024-07-06',1),(10099,'C559','P1063',5,'','2024-07-13',1),(10100,'C556','P1047',5,'75','2024-01-20',1),(10101,'C563','P1140',2,'60','2024-03-04',1),(10102,'C590','P1138',10,'','2024-11-20',1),(10103,'C663','P1210',5,'60','2024-03-02',1),(10104,'C641','P1161',2,'60','2024-05-07',1),(10105,'C581','P1079',3,'120','2024-08-27',1),(10106,'C521','P1056',5,'45','2024-06-19',1),(10107,'C779','P1039',10,'','2024-02-22',1),(10108,'C745','P1122',5,'45','2024-04-16',1),(10110,'C766','P1246',2,'120','2024-01-18',1),(10111,'C673','P1252',10,'','2024-11-28',1),(10112,'C606','P1248',3,'120','2024-04-26',1),(10113,'C777','P1138',1,'60','2024-02-03',1),(10114,'C788','P1139',5,'100','2024-11-15',1),(10116,'C662','P1004',2,'100','2024-01-02',1),(10117,'C617','P1227',1,'75','2024-04-21',1),(10118,'C612','P1061',3,'60','2024-05-22',1),(10119,'C750','P1272',3,'75','2024-10-06',1),(10120,'C752','P1160',5,'','2024-05-20',1),(10121,'C579','P1260',10,'','2024-07-11',1),(10122,'C760','P1189',2,'100','2024-08-30',1),(10123,'C606','P1005',3,'45','2024-09-22',1),(10124,'C560','P1147',5,'','2024-05-19',1),(10125,'C509','P1047',1,'60','2024-01-14',1),(10126,'C569','P1251',10,'120','2024-08-06',1),(10128,'C664','P1148',1,'','2024-01-12',1),(10130,'C767','P1227',5,'45','2024-05-10',1),(10131,'C667','P1244',1,'45','2024-10-20',1),(10132,'C522','P1050',1,'60','2024-04-27',1),(10133,'C783','P1186',10,'','2024-04-06',1),(10134,'C686','P1211',1,'45','2024-03-26',1),(10135,'C529','P1174',5,'120','2024-02-12',1),(10136,'C641','P1120',3,'','2024-09-22',1),(10137,'C712','P1251',1,'60','2024-04-10',1),(10140,'C772','P1072',1,'','2024-10-04',1),(10142,'C729','P1015',3,'60','2024-09-20',1),(10145,'C657','P1280',1,'45','2024-09-20',1),(10146,'C536','P1101',1,'45','2024-06-02',1),(10147,'C652','P1055',2,'100','2024-06-09',1),(10148,'C686','P1231',10,'100','2024-10-11',1),(10149,'C772','P1131',2,'45','2024-06-19',1),(10150,'C624','P1255',3,'75','2024-06-16',1),(10152,'C536','P1170',10,'75','2024-09-24',1),(10154,'C546','P1093',2,'100','2024-06-24',1),(10155,'C661','P1254',3,'','2024-04-29',1),(10157,'C626','P1121',3,'','2024-03-17',1),(10159,'C661','P1196',1,'60','2024-03-19',1),(10160,'C688','P1299',5,'45','2024-02-16',1),(10161,'C557','P1177',5,'120','2024-09-30',1),(10163,'C743','P1198',1,'120','2024-05-19',1),(10164,'C767','P1017',3,'','2024-03-30',1),(10165,'C680','P1157',10,'','2024-12-23',1),(10166,'C577','P1110',2,'120','2024-12-23',1),(10167,'C778','P1188',10,'100','2024-04-26',1),(10168,'C636','P1095',10,'120','2024-08-09',1),(10169,'C715','P1142',2,'100','2024-09-03',1),(10170,'C611','P1190',1,'','2024-01-19',1),(10171,'C726','P1183',10,'','2024-10-27',1),(10172,'C688','P1123',3,'120','2024-02-19',1),(10173,'C576','P1130',1,'','2024-09-03',1),(10174,'C624','P1006',3,'','2024-06-22',1),(10175,'C734','P1051',3,'60','2024-07-24',1),(10176,'C671','P1051',5,'45','2024-05-29',1),(10177,'C685','P1163',5,'','2024-02-11',1),(10178,'C535','P1059',5,'120','2024-09-12',1),(10179,'C746','P1237',10,'45','2024-07-06',1),(10180,'C533','P1219',3,'120','2024-11-08',1),(10181,'C611','P1020',10,'100','2024-05-30',1),(10183,'C765','P1021',1,'45','2024-10-27',1),(10184,'C545','P1199',3,'','2024-09-12',1),(10185,'C520','P1127',1,'45','2024-05-29',1),(10186,'C779','P1181',10,'','2024-12-08',1),(10187,'C723','P1144',5,'','2024-06-19',1),(10188,'C688','P1047',5,'45','2024-05-05',1),(10189,'C750','P1188',1,'45','2024-10-26',1),(10190,'C581','P1296',1,'120','2024-03-14',1),(10191,'C572','P1102',1,'100','2024-08-11',1),(10193,'C678','P1094',5,'45','2024-09-27',1),(10194,'C668','P1036',10,'','2024-01-02',1),(10197,'C708','P1247',3,'75','2024-04-27',1),(10198,'C664','P1154',3,'75','2024-04-30',1),(10199,'C624','P1062',10,'100','2024-01-26',1),(10200,'C563','P1258',1,'100','2024-01-21',1),(10201,'C780','P1029',1,'60','2024-02-13',1),(10202,'C737','P1057',5,'','2024-12-22',1),(10205,'C708','P1041',2,'120','2024-12-24',1),(10207,'C791','P1265',2,'100','2024-01-27',1),(10208,'C535','P1115',1,'75','2024-05-23',1),(10209,'C732','P1130',2,'45','2024-09-28',1),(10210,'C783','P1166',2,'100','2024-02-04',1),(10211,'C663','P1253',1,'','2024-03-13',1),(10214,'C687','P1157',2,'45','2024-04-27',1),(10215,'C723','P1070',10,'75','2024-06-28',1),(10216,'C595','P1170',10,'','2024-02-01',1),(10217,'C742','P1053',5,'75','2024-05-27',1),(10218,'C604','P1236',5,'45','2024-08-24',1),(10219,'C518','P1174',1,'45','2024-04-06',1),(10220,'C666','P1190',2,'60','2024-11-14',1),(10221,'C713','P1014',2,'45','2024-09-28',1),(10222,'C632','P1199',3,'45','2024-04-23',1),(10223,'C768','P1299',5,'100','2024-01-18',1),(10225,'C773','P1079',3,'60','2024-01-07',1),(10226,'C630','P1059',5,'60','2024-10-13',1),(10227,'C783','P1293',3,'100','2024-05-10',1),(10228,'C649','P1070',10,'','2024-08-05',1),(10232,'C773','P1275',2,'45','2024-12-10',1),(10234,'C624','P1261',2,'100','2024-05-17',1),(10235,'C677','P1261',10,'','2024-05-29',1),(10237,'C599','P1113',3,'60','2024-01-19',1),(10238,'C792','P1169',2,'45','2024-01-16',1),(10239,'C726','P1254',2,'','2024-02-23',1),(10240,'C774','P1023',3,'75','2024-02-23',1),(10241,'C757','P1178',2,'120','2024-01-17',1),(10242,'C745','P1177',3,'75','2024-05-21',1),(10243,'C713','P1142',5,'','2024-04-05',1),(10244,'C537','P1072',1,'45','2024-01-03',1),(10246,'C702','P1079',2,'100','2024-06-30',1),(10247,'C538','P1072',5,'75','2024-11-16',1),(10248,'C686','P1108',10,'120','2024-12-13',1),(10249,'C795','P1138',5,'75','2024-05-24',1),(10252,'C548','P1002',10,'75','2024-12-20',1),(10253,'C647','P1200',5,'120','2024-01-20',1),(10255,'C635','P1287',5,'45','2024-04-20',1),(10256,'C632','P1267',3,'45','2024-01-17',1),(10258,'C737','P1095',2,'','2024-09-19',1),(10260,'C568','P1284',2,'75','2024-10-24',1),(10261,'C547','P1038',3,'45','2024-01-27',1),(10262,'C502','P1255',5,'100','2024-07-03',1),(10264,'C716','P1289',2,'120','2024-02-10',1),(10265,'C642','P1275',5,'100','2024-04-03',1),(10266,'C771','P1297',2,'60','2024-09-17',1),(10268,'C706','P1067',2,'75','2024-05-10',1),(10269,'C710','P1070',5,'60','2024-07-23',1),(10270,'C673','P1046',10,'100','2024-03-06',1),(10271,'C790','P1035',2,'','2024-08-01',1),(10272,'C668','P1087',5,'45','2024-09-23',1),(10274,'C685','P1213',3,'100','2024-04-13',1),(10275,'C513','P1137',1,'','2024-07-07',1),(10276,'C647','P1169',2,'60','2024-07-26',1),(10277,'C752','P1007',2,'','2024-06-22',1),(10279,'C732','P1028',5,'100','2024-05-26',1),(10280,'C702','P1013',5,'','2024-10-08',1),(10281,'C578','P1296',1,'60','2024-11-29',1),(10282,'C652','P1269',2,'75','2024-01-30',1),(10283,'C686','P1123',5,'120','2024-12-30',1),(10285,'C753','P1023',2,'45','2024-08-19',1),(10286,'C513','P1008',2,'','2024-11-25',1),(10287,'C726','P1099',1,'75','2024-02-07',1),(10288,'C769','P1291',1,'75','2024-02-19',1),(10289,'C555','P1217',3,'100','2024-10-12',1),(10290,'C717','P1165',3,'100','2024-08-06',1),(10292,'C788','P1273',2,'45','2024-03-01',1),(10293,'C664','P1050',10,'','2024-12-02',1),(10294,'C606','P1299',1,'60','2024-12-07',1),(10295,'C798','P1054',5,'75','2024-01-18',1),(10296,'C740','P1209',3,'45','2024-07-08',1),(10297,'C612','P1270',3,'','2024-08-07',1),(10299,'C688','P1238',3,'75','2024-05-13',1),(10000,'C684','P1172',3,'120','2024-08-30',1),(10001,'C561','P1239',1,'120','2024-03-29',1),(10002,'C597','P1177',5,'75','2024-03-10',1),(10003,'C709','P1027',3,'','2024-12-13',1),(10004,'C638','P1205',10,'75','2024-12-03',1),(10005,'C709','P1248',1,'','2024-06-21',1),(10006,'C611','P1118',5,'60','2024-04-24',1),(10007,'C792','P1027',10,'45','2024-11-17',1),(10008,'C592','P1288',1,'120','2024-09-12',1),(10009,'C679','P1023',1,'60','2024-07-27',1),(10010,'C540','P1049',10,'45','2024-11-17',1),(10012,'C501','P1178',3,'100','2024-08-27',1),(10015,'C570','P1010',2,'120','2024-04-15',1),(10017,'C549','P1291',3,'75','2024-07-29',1),(10018,'C587','P1299',5,'45','2024-11-05',1),(10019,'C589','P1174',5,'100','2024-07-31',1),(10020,'C548','P1104',1,'75','2024-05-24',1),(10021,'C739','P1025',1,'','2024-09-09',1),(10023,'C527','P1238',10,'100','2024-06-04',1),(10024,'C562','P1239',10,'45','2024-05-29',1),(10025,'C583','P1056',5,'75','2024-01-28',1),(10027,'C707','P1077',3,'120','2024-05-18',1),(10028,'C530','P1294',2,'120','2024-08-18',1),(10029,'C549','P1197',5,'','2024-09-16',1),(10030,'C645','P1103',10,'100','2024-04-04',1),(10031,'C719','P1235',10,'100','2024-06-06',1),(10032,'C770','P1255',3,'','2024-09-29',1),(10033,'C528','P1090',3,'75','2024-09-11',1),(10035,'C759','P1246',3,'60','2024-04-25',1),(10037,'C526','P1012',3,'','2024-10-21',1),(10038,'C765','P1009',2,'120','2024-03-23',1),(10039,'C729','P1280',5,'','2024-08-30',1),(10040,'C790','P1246',5,'75','2024-01-19',1),(10041,'C510','P1095',2,'75','2024-09-02',1),(10043,'C734','P1004',3,'','2024-04-05',1),(10045,'C509','P1168',5,'60','2024-07-22',1),(10046,'C675','P1288',10,'75','2024-12-14',1),(10047,'C628','P1102',2,'45','2024-10-08',1),(10048,'C609','P1041',10,'100','2024-06-03',1),(10049,'C605','P1016',3,'120','2024-11-17',1),(10050,'C690','P1280',3,'100','2024-07-22',1),(10051,'C531','P1046',1,'','2024-04-21',1),(10052,'C788','P1057',3,'45','2024-04-27',1),(10053,'C612','P1270',5,'60','2024-11-08',1),(10054,'C603','P1039',3,'45','2024-03-12',1),(10055,'C756','P1237',10,'','2024-02-09',1),(10056,'C501','P1171',5,'45','2024-06-09',1),(10057,'C701','P1282',2,'75','2024-09-12',1),(10058,'C557','P1179',2,'45','2024-05-15',1),(10059,'C594','P1021',3,'120','2024-04-28',1),(10060,'C679','P1124',3,'100','2024-11-25',1),(10061,'C611','P1032',1,'','2024-04-17',1),(10062,'C529','P1121',10,'75','2024-05-30',1),(10067,'C576','P1045',1,'','2024-05-12',1),(10068,'C639','P1106',5,'60','2024-01-22',1),(10070,'C510','P1040',2,'75','2024-02-11',1),(10071,'C611','P1241',3,'','2024-11-01',1),(10072,'C743','P1260',1,'100','2024-07-10',1),(10073,'C601','P1212',10,'60','2024-03-09',1),(10074,'C561','P1267',2,'100','2024-12-12',1),(10076,'C560','P1100',10,'','2024-05-11',1),(10077,'C743','P1261',2,'45','2024-03-03',1),(10078,'C654','P1211',5,'120','2024-03-14',1),(10079,'C781','P1126',1,'75','2024-10-23',1),(10080,'C661','P1215',1,'75','2024-12-29',1),(10081,'C561','P1227',1,'','2024-08-06',1),(10082,'C602','P1132',5,'75','2024-11-28',1),(10083,'C693','P1282',1,'120','2024-04-24',1),(10084,'C798','P1169',1,'45','2024-04-27',1),(10085,'C647','P1006',2,'120','2024-05-10',1),(10086,'C676','P1099',10,'75','2024-12-22',1),(10087,'C727','P1088',2,'','2024-11-29',1),(10088,'C718','P1111',10,'','2024-05-06',1),(10090,'C631','P1070',2,'','2024-06-20',1),(10091,'C591','P1217',2,'','2024-12-04',1),(10092,'C722','P1294',1,'','2024-09-13',1),(10093,'C704','P1066',10,'','2024-08-01',1),(10094,'C691','P1292',5,'60','2024-03-28',1),(10095,'C549','P1082',2,'120','2024-04-29',1),(10096,'C526','P1119',3,'60','2024-09-01',1),(10097,'C714','P1010',3,'60','2024-07-01',1),(10098,'C676','P1178',2,'45','2024-07-06',1),(10099,'C559','P1063',5,'','2024-07-13',1),(10100,'C556','P1047',5,'75','2024-01-20',1),(10101,'C563','P1140',2,'60','2024-03-04',1),(10102,'C590','P1138',10,'','2024-11-20',1),(10103,'C663','P1210',5,'60','2024-03-02',1),(10104,'C641','P1161',2,'60','2024-05-07',1),(10105,'C581','P1079',3,'120','2024-08-27',1),(10106,'C521','P1056',5,'45','2024-06-19',1),(10107,'C779','P1039',10,'','2024-02-22',1),(10108,'C745','P1122',5,'45','2024-04-16',1),(10110,'C766','P1246',2,'120','2024-01-18',1),(10111,'C673','P1252',10,'','2024-11-28',1),(10112,'C606','P1248',3,'120','2024-04-26',1),(10113,'C777','P1138',1,'60','2024-02-03',1),(10114,'C788','P1139',5,'100','2024-11-15',1),(10116,'C662','P1004',2,'100','2024-01-02',1),(10117,'C617','P1227',1,'75','2024-04-21',1),(10118,'C612','P1061',3,'60','2024-05-22',1),(10119,'C750','P1272',3,'75','2024-10-06',1),(10120,'C752','P1160',5,'','2024-05-20',1),(10121,'C579','P1260',10,'','2024-07-11',1),(10122,'C760','P1189',2,'100','2024-08-30',1),(10123,'C606','P1005',3,'45','2024-09-22',1),(10124,'C560','P1147',5,'','2024-05-19',1),(10125,'C509','P1047',1,'60','2024-01-14',1),(10126,'C569','P1251',10,'120','2024-08-06',1),(10128,'C664','P1148',1,'','2024-01-12',1),(10130,'C767','P1227',5,'45','2024-05-10',1),(10131,'C667','P1244',1,'45','2024-10-20',1),(10132,'C522','P1050',1,'60','2024-04-27',1),(10133,'C783','P1186',10,'','2024-04-06',1),(10134,'C686','P1211',1,'45','2024-03-26',1),(10135,'C529','P1174',5,'120','2024-02-12',1),(10136,'C641','P1120',3,'','2024-09-22',1),(10137,'C712','P1251',1,'60','2024-04-10',1),(10140,'C772','P1072',1,'','2024-10-04',1),(10142,'C729','P1015',3,'60','2024-09-20',1),(10145,'C657','P1280',1,'45','2024-09-20',1),(10146,'C536','P1101',1,'45','2024-06-02',1),(10147,'C652','P1055',2,'100','2024-06-09',1),(10148,'C686','P1231',10,'100','2024-10-11',1),(10149,'C772','P1131',2,'45','2024-06-19',1),(10150,'C624','P1255',3,'75','2024-06-16',1),(10152,'C536','P1170',10,'75','2024-09-24',1),(10154,'C546','P1093',2,'100','2024-06-24',1),(10155,'C661','P1254',3,'','2024-04-29',1),(10157,'C626','P1121',3,'','2024-03-17',1),(10159,'C661','P1196',1,'60','2024-03-19',1),(10160,'C688','P1299',5,'45','2024-02-16',1),(10161,'C557','P1177',5,'120','2024-09-30',1),(10163,'C743','P1198',1,'120','2024-05-19',1),(10164,'C767','P1017',3,'','2024-03-30',1),(10165,'C680','P1157',10,'','2024-12-23',1),(10166,'C577','P1110',2,'120','2024-12-23',1),(10167,'C778','P1188',10,'100','2024-04-26',1),(10168,'C636','P1095',10,'120','2024-08-09',1),(10169,'C715','P1142',2,'100','2024-09-03',1),(10170,'C611','P1190',1,'','2024-01-19',1),(10171,'C726','P1183',10,'','2024-10-27',1),(10172,'C688','P1123',3,'120','2024-02-19',1),(10173,'C576','P1130',1,'','2024-09-03',1),(10174,'C624','P1006',3,'','2024-06-22',1),(10175,'C734','P1051',3,'60','2024-07-24',1),(10176,'C671','P1051',5,'45','2024-05-29',1),(10177,'C685','P1163',5,'','2024-02-11',1),(10178,'C535','P1059',5,'120','2024-09-12',1),(10179,'C746','P1237',10,'45','2024-07-06',1),(10180,'C533','P1219',3,'120','2024-11-08',1),(10181,'C611','P1020',10,'100','2024-05-30',1),(10183,'C765','P1021',1,'45','2024-10-27',1),(10184,'C545','P1199',3,'','2024-09-12',1),(10185,'C520','P1127',1,'45','2024-05-29',1),(10186,'C779','P1181',10,'','2024-12-08',1),(10187,'C723','P1144',5,'','2024-06-19',1),(10188,'C688','P1047',5,'45','2024-05-05',1),(10189,'C750','P1188',1,'45','2024-10-26',1),(10190,'C581','P1296',1,'120','2024-03-14',1),(10191,'C572','P1102',1,'100','2024-08-11',1),(10193,'C678','P1094',5,'45','2024-09-27',1),(10194,'C668','P1036',10,'','2024-01-02',1),(10197,'C708','P1247',3,'75','2024-04-27',1),(10198,'C664','P1154',3,'75','2024-04-30',1),(10199,'C624','P1062',10,'100','2024-01-26',1),(10200,'C563','P1258',1,'100','2024-01-21',1),(10201,'C780','P1029',1,'60','2024-02-13',1),(10202,'C737','P1057',5,'','2024-12-22',1),(10205,'C708','P1041',2,'120','2024-12-24',1),(10207,'C791','P1265',2,'100','2024-01-27',1),(10208,'C535','P1115',1,'75','2024-05-23',1),(10209,'C732','P1130',2,'45','2024-09-28',1),(10210,'C783','P1166',2,'100','2024-02-04',1),(10211,'C663','P1253',1,'','2024-03-13',1),(10214,'C687','P1157',2,'45','2024-04-27',1),(10215,'C723','P1070',10,'75','2024-06-28',1),(10216,'C595','P1170',10,'','2024-02-01',1),(10217,'C742','P1053',5,'75','2024-05-27',1),(10218,'C604','P1236',5,'45','2024-08-24',1),(10219,'C518','P1174',1,'45','2024-04-06',1),(10220,'C666','P1190',2,'60','2024-11-14',1),(10221,'C713','P1014',2,'45','2024-09-28',1),(10222,'C632','P1199',3,'45','2024-04-23',1),(10223,'C768','P1299',5,'100','2024-01-18',1),(10225,'C773','P1079',3,'60','2024-01-07',1),(10226,'C630','P1059',5,'60','2024-10-13',1),(10227,'C783','P1293',3,'100','2024-05-10',1),(10228,'C649','P1070',10,'','2024-08-05',1),(10232,'C773','P1275',2,'45','2024-12-10',1),(10234,'C624','P1261',2,'100','2024-05-17',1),(10235,'C677','P1261',10,'','2024-05-29',1),(10237,'C599','P1113',3,'60','2024-01-19',1),(10238,'C792','P1169',2,'45','2024-01-16',1),(10239,'C726','P1254',2,'','2024-02-23',1),(10240,'C774','P1023',3,'75','2024-02-23',1),(10241,'C757','P1178',2,'120','2024-01-17',1),(10242,'C745','P1177',3,'75','2024-05-21',1),(10243,'C713','P1142',5,'','2024-04-05',1),(10244,'C537','P1072',1,'45','2024-01-03',1),(10246,'C702','P1079',2,'100','2024-06-30',1),(10247,'C538','P1072',5,'75','2024-11-16',1),(10248,'C686','P1108',10,'120','2024-12-13',1),(10249,'C795','P1138',5,'75','2024-05-24',1),(10252,'C548','P1002',10,'75','2024-12-20',1),(10253,'C647','P1200',5,'120','2024-01-20',1),(10255,'C635','P1287',5,'45','2024-04-20',1),(10256,'C632','P1267',3,'45','2024-01-17',1),(10258,'C737','P1095',2,'','2024-09-19',1),(10260,'C568','P1284',2,'75','2024-10-24',1),(10261,'C547','P1038',3,'45','2024-01-27',1),(10262,'C502','P1255',5,'100','2024-07-03',1),(10264,'C716','P1289',2,'120','2024-02-10',1),(10265,'C642','P1275',5,'100','2024-04-03',1),(10266,'C771','P1297',2,'60','2024-09-17',1),(10268,'C706','P1067',2,'75','2024-05-10',1),(10269,'C710','P1070',5,'60','2024-07-23',1),(10270,'C673','P1046',10,'100','2024-03-06',1),(10271,'C790','P1035',2,'','2024-08-01',1),(10272,'C668','P1087',5,'45','2024-09-23',1),(10274,'C685','P1213',3,'100','2024-04-13',1),(10275,'C513','P1137',1,'','2024-07-07',1),(10276,'C647','P1169',2,'60','2024-07-26',1),(10277,'C752','P1007',2,'','2024-06-22',1),(10279,'C732','P1028',5,'100','2024-05-26',1),(10280,'C702','P1013',5,'','2024-10-08',1),(10281,'C578','P1296',1,'60','2024-11-29',1),(10282,'C652','P1269',2,'75','2024-01-30',1),(10283,'C686','P1123',5,'120','2024-12-30',1),(10285,'C753','P1023',2,'45','2024-08-19',1),(10286,'C513','P1008',2,'','2024-11-25',1),(10287,'C726','P1099',1,'75','2024-02-07',1),(10288,'C769','P1291',1,'75','2024-02-19',1),(10289,'C555','P1217',3,'100','2024-10-12',1),(10290,'C717','P1165',3,'100','2024-08-06',1),(10292,'C788','P1273',2,'45','2024-03-01',1),(10293,'C664','P1050',10,'','2024-12-02',1),(10294,'C606','P1299',1,'60','2024-12-07',1),(10295,'C798','P1054',5,'75','2024-01-18',1),(10296,'C740','P1209',3,'45','2024-07-08',1),(10297,'C612','P1270',3,'','2024-08-07',1),(10299,'C688','P1238',3,'75','2024-05-13',1);
/*!40000 ALTER TABLE sales2 ENABLE KEYS */;
UNLOCK TABLES;

--
-- Table structure for table `sales3`
--

DROP TABLE IF EXISTS sales3;
/*!40101 SET @saved_cs_client     = @@character_set_client */;
/*!50503 SET character_set_client = utf8mb4 */;
CREATE TABLE sales3 (
  sale_id int NOT NULL,
  customer_id varchar(10) DEFAULT NULL,
  product_id varchar(10) DEFAULT NULL,
  quantity int DEFAULT NULL,
  unit_price text,
  sale_date text,
  PRIMARY KEY (sale_id),
  KEY customer_id (customer_id),
  CONSTRAINT sales3_ibfk_1 FOREIGN KEY (customer_id) REFERENCES customers2 (customer_id),
  CONSTRAINT sales3_ibfk_2 FOREIGN KEY (customer_id) REFERENCES customers2 (customer_id)
) ENGINE=InnoDB DEFAULT CHARSET=utf8mb4 COLLATE=utf8mb4_0900_ai_ci;
/*!40101 SET character_set_client = @saved_cs_client */;

--
-- Dumping data for table `sales3`
--

LOCK TABLES sales3 WRITE;
/*!40000 ALTER TABLE sales3 DISABLE KEYS */;
INSERT INTO sales3 VALUES (10000,'C684','P1172',3,'120','2024-08-30'),(10001,'C561','P1239',1,'120','2024-03-29'),(10002,'C597','P1177',5,'75','2024-03-10'),(10003,'C709','P1027',3,'','2024-12-13'),(10004,'C638','P1205',10,'75','2024-12-03'),(10005,'C709','P1248',1,'','2024-06-21'),(10006,'C611','P1118',5,'60','2024-04-24'),(10007,'C792','P1027',10,'45','2024-11-17'),(10008,'C592','P1288',1,'120','2024-09-12'),(10009,'C679','P1023',1,'60','2024-07-27'),(10010,'C540','P1049',10,'45','2024-11-17'),(10012,'C501','P1178',3,'100','2024-08-27'),(10015,'C570','P1010',2,'120','2024-04-15'),(10017,'C549','P1291',3,'75','2024-07-29'),(10018,'C587','P1299',5,'45','2024-11-05'),(10019,'C589','P1174',5,'100','2024-07-31'),(10020,'C548','P1104',1,'75','2024-05-24'),(10021,'C739','P1025',1,'','2024-09-09'),(10023,'C527','P1238',10,'100','2024-06-04'),(10024,'C562','P1239',10,'45','2024-05-29'),(10025,'C583','P1056',5,'75','2024-01-28'),(10027,'C707','P1077',3,'120','2024-05-18'),(10028,'C530','P1294',2,'120','2024-08-18'),(10029,'C549','P1197',5,'','2024-09-16'),(10030,'C645','P1103',10,'100','2024-04-04'),(10031,'C719','P1235',10,'100','2024-06-06'),(10032,'C770','P1255',3,'','2024-09-29'),(10033,'C528','P1090',3,'75','2024-09-11'),(10035,'C759','P1246',3,'60','2024-04-25'),(10037,'C526','P1012',3,'','2024-10-21'),(10038,'C765','P1009',2,'120','2024-03-23'),(10039,'C729','P1280',5,'','2024-08-30'),(10040,'C790','P1246',5,'75','2024-01-19'),(10041,'C510','P1095',2,'75','2024-09-02'),(10043,'C734','P1004',3,'','2024-04-05'),(10045,'C509','P1168',5,'60','2024-07-22'),(10046,'C675','P1288',10,'75','2024-12-14'),(10047,'C628','P1102',2,'45','2024-10-08'),(10048,'C609','P1041',10,'100','2024-06-03'),(10049,'C605','P1016',3,'120','2024-11-17'),(10050,'C690','P1280',3,'100','2024-07-22'),(10051,'C531','P1046',1,'','2024-04-21'),(10052,'C788','P1057',3,'45','2024-04-27'),(10053,'C612','P1270',5,'60','2024-11-08'),(10054,'C603','P1039',3,'45','2024-03-12'),(10055,'C756','P1237',10,'','2024-02-09'),(10056,'C501','P1171',5,'45','2024-06-09'),(10057,'C701','P1282',2,'75','2024-09-12'),(10058,'C557','P1179',2,'45','2024-05-15'),(10059,'C594','P1021',3,'120','2024-04-28'),(10060,'C679','P1124',3,'100','2024-11-25'),(10061,'C611','P1032',1,'','2024-04-17'),(10062,'C529','P1121',10,'75','2024-05-30'),(10067,'C576','P1045',1,'','2024-05-12'),(10068,'C639','P1106',5,'60','2024-01-22'),(10070,'C510','P1040',2,'75','2024-02-11'),(10071,'C611','P1241',3,'','2024-11-01'),(10072,'C743','P1260',1,'100','2024-07-10'),(10073,'C601','P1212',10,'60','2024-03-09'),(10074,'C561','P1267',2,'100','2024-12-12'),(10076,'C560','P1100',10,'','2024-05-11'),(10077,'C743','P1261',2,'45','2024-03-03'),(10078,'C654','P1211',5,'120','2024-03-14'),(10079,'C781','P1126',1,'75','2024-10-23'),(10080,'C661','P1215',1,'75','2024-12-29'),(10081,'C561','P1227',1,'','2024-08-06'),(10082,'C602','P1132',5,'75','2024-11-28'),(10083,'C693','P1282',1,'120','2024-04-24'),(10084,'C798','P1169',1,'45','2024-04-27'),(10085,'C647','P1006',2,'120','2024-05-10'),(10086,'C676','P1099',10,'75','2024-12-22'),(10087,'C727','P1088',2,'','2024-11-29'),(10088,'C718','P1111',10,'','2024-05-06'),(10090,'C631','P1070',2,'','2024-06-20'),(10091,'C591','P1217',2,'','2024-12-04'),(10092,'C722','P1294',1,'','2024-09-13'),(10093,'C704','P1066',10,'','2024-08-01'),(10094,'C691','P1292',5,'60','2024-03-28'),(10095,'C549','P1082',2,'120','2024-04-29'),(10096,'C526','P1119',3,'60','2024-09-01'),(10097,'C714','P1010',3,'60','2024-07-01'),(10098,'C676','P1178',2,'45','2024-07-06'),(10099,'C559','P1063',5,'','2024-07-13'),(10100,'C556','P1047',5,'75','2024-01-20'),(10101,'C563','P1140',2,'60','2024-03-04'),(10102,'C590','P1138',10,'','2024-11-20'),(10103,'C663','P1210',5,'60','2024-03-02'),(10104,'C641','P1161',2,'60','2024-05-07'),(10105,'C581','P1079',3,'120','2024-08-27'),(10106,'C521','P1056',5,'45','2024-06-19'),(10107,'C779','P1039',10,'','2024-02-22'),(10108,'C745','P1122',5,'45','2024-04-16'),(10110,'C766','P1246',2,'120','2024-01-18'),(10111,'C673','P1252',10,'','2024-11-28'),(10112,'C606','P1248',3,'120','2024-04-26'),(10113,'C777','P1138',1,'60','2024-02-03'),(10114,'C788','P1139',5,'100','2024-11-15'),(10116,'C662','P1004',2,'100','2024-01-02'),(10117,'C617','P1227',1,'75','2024-04-21'),(10118,'C612','P1061',3,'60','2024-05-22'),(10119,'C750','P1272',3,'75','2024-10-06'),(10120,'C752','P1160',5,'','2024-05-20'),(10121,'C579','P1260',10,'','2024-07-11'),(10122,'C760','P1189',2,'100','2024-08-30'),(10123,'C606','P1005',3,'45','2024-09-22'),(10124,'C560','P1147',5,'','2024-05-19'),(10125,'C509','P1047',1,'60','2024-01-14'),(10126,'C569','P1251',10,'120','2024-08-06'),(10128,'C664','P1148',1,'','2024-01-12'),(10130,'C767','P1227',5,'45','2024-05-10'),(10131,'C667','P1244',1,'45','2024-10-20'),(10132,'C522','P1050',1,'60','2024-04-27'),(10133,'C783','P1186',10,'','2024-04-06'),(10134,'C686','P1211',1,'45','2024-03-26'),(10135,'C529','P1174',5,'120','2024-02-12'),(10136,'C641','P1120',3,'','2024-09-22'),(10137,'C712','P1251',1,'60','2024-04-10'),(10140,'C772','P1072',1,'','2024-10-04'),(10142,'C729','P1015',3,'60','2024-09-20'),(10145,'C657','P1280',1,'45','2024-09-20'),(10146,'C536','P1101',1,'45','2024-06-02'),(10147,'C652','P1055',2,'100','2024-06-09'),(10148,'C686','P1231',10,'100','2024-10-11'),(10149,'C772','P1131',2,'45','2024-06-19'),(10150,'C624','P1255',3,'75','2024-06-16'),(10152,'C536','P1170',10,'75','2024-09-24'),(10154,'C546','P1093',2,'100','2024-06-24'),(10155,'C661','P1254',3,'','2024-04-29'),(10157,'C626','P1121',3,'','2024-03-17'),(10159,'C661','P1196',1,'60','2024-03-19'),(10160,'C688','P1299',5,'45','2024-02-16'),(10161,'C557','P1177',5,'120','2024-09-30'),(10163,'C743','P1198',1,'120','2024-05-19'),(10164,'C767','P1017',3,'','2024-03-30'),(10165,'C680','P1157',10,'','2024-12-23'),(10166,'C577','P1110',2,'120','2024-12-23'),(10167,'C778','P1188',10,'100','2024-04-26'),(10168,'C636','P1095',10,'120','2024-08-09'),(10169,'C715','P1142',2,'100','2024-09-03'),(10170,'C611','P1190',1,'','2024-01-19'),(10171,'C726','P1183',10,'','2024-10-27'),(10172,'C688','P1123',3,'120','2024-02-19'),(10173,'C576','P1130',1,'','2024-09-03'),(10174,'C624','P1006',3,'','2024-06-22'),(10175,'C734','P1051',3,'60','2024-07-24'),(10176,'C671','P1051',5,'45','2024-05-29'),(10177,'C685','P1163',5,'','2024-02-11'),(10178,'C535','P1059',5,'120','2024-09-12'),(10179,'C746','P1237',10,'45','2024-07-06'),(10180,'C533','P1219',3,'120','2024-11-08'),(10181,'C611','P1020',10,'100','2024-05-30'),(10183,'C765','P1021',1,'45','2024-10-27'),(10184,'C545','P1199',3,'','2024-09-12'),(10185,'C520','P1127',1,'45','2024-05-29'),(10186,'C779','P1181',10,'','2024-12-08'),(10187,'C723','P1144',5,'','2024-06-19'),(10188,'C688','P1047',5,'45','2024-05-05'),(10189,'C750','P1188',1,'45','2024-10-26'),(10190,'C581','P1296',1,'120','2024-03-14'),(10191,'C572','P1102',1,'100','2024-08-11'),(10193,'C678','P1094',5,'45','2024-09-27'),(10194,'C668','P1036',10,'','2024-01-02'),(10197,'C708','P1247',3,'75','2024-04-27'),(10198,'C664','P1154',3,'75','2024-04-30'),(10199,'C624','P1062',10,'100','2024-01-26'),(10200,'C563','P1258',1,'100','2024-01-21'),(10201,'C780','P1029',1,'60','2024-02-13'),(10202,'C737','P1057',5,'','2024-12-22'),(10205,'C708','P1041',2,'120','2024-12-24'),(10207,'C791','P1265',2,'100','2024-01-27'),(10208,'C535','P1115',1,'75','2024-05-23'),(10209,'C732','P1130',2,'45','2024-09-28'),(10210,'C783','P1166',2,'100','2024-02-04'),(10211,'C663','P1253',1,'','2024-03-13'),(10214,'C687','P1157',2,'45','2024-04-27'),(10215,'C723','P1070',10,'75','2024-06-28'),(10216,'C595','P1170',10,'','2024-02-01'),(10217,'C742','P1053',5,'75','2024-05-27'),(10218,'C604','P1236',5,'45','2024-08-24'),(10219,'C518','P1174',1,'45','2024-04-06'),(10220,'C666','P1190',2,'60','2024-11-14'),(10221,'C713','P1014',2,'45','2024-09-28'),(10222,'C632','P1199',3,'45','2024-04-23'),(10223,'C768','P1299',5,'100','2024-01-18'),(10225,'C773','P1079',3,'60','2024-01-07'),(10226,'C630','P1059',5,'60','2024-10-13'),(10227,'C783','P1293',3,'100','2024-05-10'),(10228,'C649','P1070',10,'','2024-08-05'),(10232,'C773','P1275',2,'45','2024-12-10'),(10234,'C624','P1261',2,'100','2024-05-17'),(10235,'C677','P1261',10,'','2024-05-29'),(10237,'C599','P1113',3,'60','2024-01-19'),(10238,'C792','P1169',2,'45','2024-01-16'),(10239,'C726','P1254',2,'','2024-02-23'),(10240,'C774','P1023',3,'75','2024-02-23'),(10241,'C757','P1178',2,'120','2024-01-17'),(10242,'C745','P1177',3,'75','2024-05-21'),(10243,'C713','P1142',5,'','2024-04-05'),(10244,'C537','P1072',1,'45','2024-01-03'),(10246,'C702','P1079',2,'100','2024-06-30'),(10247,'C538','P1072',5,'75','2024-11-16'),(10248,'C686','P1108',10,'120','2024-12-13'),(10249,'C795','P1138',5,'75','2024-05-24'),(10252,'C548','P1002',10,'75','2024-12-20'),(10253,'C647','P1200',5,'120','2024-01-20'),(10255,'C635','P1287',5,'45','2024-04-20'),(10256,'C632','P1267',3,'45','2024-01-17'),(10258,'C737','P1095',2,'','2024-09-19'),(10260,'C568','P1284',2,'75','2024-10-24'),(10261,'C547','P1038',3,'45','2024-01-27'),(10262,'C502','P1255',5,'100','2024-07-03'),(10264,'C716','P1289',2,'120','2024-02-10'),(10265,'C642','P1275',5,'100','2024-04-03'),(10266,'C771','P1297',2,'60','2024-09-17'),(10268,'C706','P1067',2,'75','2024-05-10'),(10269,'C710','P1070',5,'60','2024-07-23'),(10270,'C673','P1046',10,'100','2024-03-06'),(10271,'C790','P1035',2,'','2024-08-01'),(10272,'C668','P1087',5,'45','2024-09-23'),(10274,'C685','P1213',3,'100','2024-04-13'),(10275,'C513','P1137',1,'','2024-07-07'),(10276,'C647','P1169',2,'60','2024-07-26'),(10277,'C752','P1007',2,'','2024-06-22'),(10279,'C732','P1028',5,'100','2024-05-26'),(10280,'C702','P1013',5,'','2024-10-08'),(10281,'C578','P1296',1,'60','2024-11-29'),(10282,'C652','P1269',2,'75','2024-01-30'),(10283,'C686','P1123',5,'120','2024-12-30'),(10285,'C753','P1023',2,'45','2024-08-19'),(10286,'C513','P1008',2,'','2024-11-25'),(10287,'C726','P1099',1,'75','2024-02-07'),(10288,'C769','P1291',1,'75','2024-02-19'),(10289,'C555','P1217',3,'100','2024-10-12'),(10290,'C717','P1165',3,'100','2024-08-06'),(10292,'C788','P1273',2,'45','2024-03-01'),(10293,'C664','P1050',10,'','2024-12-02'),(10294,'C606','P1299',1,'60','2024-12-07'),(10295,'C798','P1054',5,'75','2024-01-18'),(10296,'C740','P1209',3,'45','2024-07-08'),(10297,'C612','P1270',3,'','2024-08-07'),(10299,'C688','P1238',3,'75','2024-05-13');
/*!40000 ALTER TABLE sales3 ENABLE KEYS */;
UNLOCK TABLES;

--
-- Table structure for table `sales_300`
--

DROP TABLE IF EXISTS sales_300;
/*!40101 SET @saved_cs_client     = @@character_set_client */;
/*!50503 SET character_set_client = utf8mb4 */;
CREATE TABLE sales_300 (
  sale_id int DEFAULT NULL,
  customer_id text,
  product_id text,
  quantity int DEFAULT NULL,
  unit_price text,
  sale_date text
) ENGINE=InnoDB DEFAULT CHARSET=utf8mb4 COLLATE=utf8mb4_0900_ai_ci;
/*!40101 SET character_set_client = @saved_cs_client */;

--
-- Dumping data for table `sales_300`
--

LOCK TABLES sales_300 WRITE;
/*!40000 ALTER TABLE sales_300 DISABLE KEYS */;
INSERT INTO sales_300 VALUES (10000,'C684','P1172',3,'120','2024-08-30'),(10001,'C561','P1239',1,'120','2024-03-29'),(10002,'C597','P1177',5,'75','2024-03-10'),(10003,'C709','P1027',3,'','2024-12-13'),(10004,'C638','P1205',10,'75','2024-12-03'),(10005,'C709','P1248',1,'','2024-06-21'),(10006,'C611','P1118',5,'60','2024-04-24'),(10007,'C792','P1027',10,'45','2024-11-17'),(10008,'C592','P1288',1,'120','2024-09-12'),(10009,'C679','P1023',1,'60','2024-07-27'),(10010,'C540','P1049',10,'45','2024-11-17'),(10012,'C501','P1178',3,'100','2024-08-27'),(10015,'C570','P1010',2,'120','2024-04-15'),(10017,'C549','P1291',3,'75','2024-07-29'),(10018,'C587','P1299',5,'45','2024-11-05'),(10019,'C589','P1174',5,'100','2024-07-31'),(10020,'C548','P1104',1,'75','2024-05-24'),(10021,'C739','P1025',1,'','2024-09-09'),(10023,'C527','P1238',10,'100','2024-06-04'),(10024,'C562','P1239',10,'45','2024-05-29'),(10025,'C583','P1056',5,'75','2024-01-28'),(10027,'C707','P1077',3,'120','2024-05-18'),(10028,'C530','P1294',2,'120','2024-08-18'),(10029,'C549','P1197',5,'','2024-09-16'),(10030,'C645','P1103',10,'100','2024-04-04'),(10031,'C719','P1235',10,'100','2024-06-06'),(10032,'C770','P1255',3,'','2024-09-29'),(10033,'C528','P1090',3,'75','2024-09-11'),(10035,'C759','P1246',3,'60','2024-04-25'),(10037,'C526','P1012',3,'','2024-10-21'),(10038,'C765','P1009',2,'120','2024-03-23'),(10039,'C729','P1280',5,'','2024-08-30'),(10040,'C790','P1246',5,'75','2024-01-19'),(10041,'C510','P1095',2,'75','2024-09-02'),(10043,'C734','P1004',3,'','2024-04-05'),(10045,'C509','P1168',5,'60','2024-07-22'),(10046,'C675','P1288',10,'75','2024-12-14'),(10047,'C628','P1102',2,'45','2024-10-08'),(10048,'C609','P1041',10,'100','2024-06-03'),(10049,'C605','P1016',3,'120','2024-11-17'),(10050,'C690','P1280',3,'100','2024-07-22'),(10051,'C531','P1046',1,'','2024-04-21'),(10052,'C788','P1057',3,'45','2024-04-27'),(10053,'C612','P1270',5,'60','2024-11-08'),(10054,'C603','P1039',3,'45','2024-03-12'),(10055,'C756','P1237',10,'','2024-02-09'),(10056,'C501','P1171',5,'45','2024-06-09'),(10057,'C701','P1282',2,'75','2024-09-12'),(10058,'C557','P1179',2,'45','2024-05-15'),(10059,'C594','P1021',3,'120','2024-04-28'),(10060,'C679','P1124',3,'100','2024-11-25'),(10061,'C611','P1032',1,'','2024-04-17'),(10062,'C529','P1121',10,'75','2024-05-30'),(10067,'C576','P1045',1,'','2024-05-12'),(10068,'C639','P1106',5,'60','2024-01-22'),(10070,'C510','P1040',2,'75','2024-02-11'),(10071,'C611','P1241',3,'','2024-11-01'),(10072,'C743','P1260',1,'100','2024-07-10'),(10073,'C601','P1212',10,'60','2024-03-09'),(10074,'C561','P1267',2,'100','2024-12-12'),(10076,'C560','P1100',10,'','2024-05-11'),(10077,'C743','P1261',2,'45','2024-03-03'),(10078,'C654','P1211',5,'120','2024-03-14'),(10079,'C781','P1126',1,'75','2024-10-23'),(10080,'C661','P1215',1,'75','2024-12-29'),(10081,'C561','P1227',1,'','2024-08-06'),(10082,'C602','P1132',5,'75','2024-11-28'),(10083,'C693','P1282',1,'120','2024-04-24'),(10084,'C798','P1169',1,'45','2024-04-27'),(10085,'C647','P1006',2,'120','2024-05-10'),(10086,'C676','P1099',10,'75','2024-12-22'),(10087,'C727','P1088',2,'','2024-11-29'),(10088,'C718','P1111',10,'','2024-05-06'),(10090,'C631','P1070',2,'','2024-06-20'),(10091,'C591','P1217',2,'','2024-12-04'),(10092,'C722','P1294',1,'','2024-09-13'),(10093,'C704','P1066',10,'','2024-08-01'),(10094,'C691','P1292',5,'60','2024-03-28'),(10095,'C549','P1082',2,'120','2024-04-29'),(10096,'C526','P1119',3,'60','2024-09-01'),(10097,'C714','P1010',3,'60','2024-07-01'),(10098,'C676','P1178',2,'45','2024-07-06'),(10099,'C559','P1063',5,'','2024-07-13'),(10100,'C556','P1047',5,'75','2024-01-20'),(10101,'C563','P1140',2,'60','2024-03-04'),(10102,'C590','P1138',10,'','2024-11-20'),(10103,'C663','P1210',5,'60','2024-03-02'),(10104,'C641','P1161',2,'60','2024-05-07'),(10105,'C581','P1079',3,'120','2024-08-27'),(10106,'C521','P1056',5,'45','2024-06-19'),(10107,'C779','P1039',10,'','2024-02-22'),(10108,'C745','P1122',5,'45','2024-04-16'),(10110,'C766','P1246',2,'120','2024-01-18'),(10111,'C673','P1252',10,'','2024-11-28'),(10112,'C606','P1248',3,'120','2024-04-26'),(10113,'C777','P1138',1,'60','2024-02-03'),(10114,'C788','P1139',5,'100','2024-11-15'),(10116,'C662','P1004',2,'100','2024-01-02'),(10117,'C617','P1227',1,'75','2024-04-21'),(10118,'C612','P1061',3,'60','2024-05-22'),(10119,'C750','P1272',3,'75','2024-10-06'),(10120,'C752','P1160',5,'','2024-05-20'),(10121,'C579','P1260',10,'','2024-07-11'),(10122,'C760','P1189',2,'100','2024-08-30'),(10123,'C606','P1005',3,'45','2024-09-22'),(10124,'C560','P1147',5,'','2024-05-19'),(10125,'C509','P1047',1,'60','2024-01-14'),(10126,'C569','P1251',10,'120','2024-08-06'),(10128,'C664','P1148',1,'','2024-01-12'),(10130,'C767','P1227',5,'45','2024-05-10'),(10131,'C667','P1244',1,'45','2024-10-20'),(10132,'C522','P1050',1,'60','2024-04-27'),(10133,'C783','P1186',10,'','2024-04-06'),(10134,'C686','P1211',1,'45','2024-03-26'),(10135,'C529','P1174',5,'120','2024-02-12'),(10136,'C641','P1120',3,'','2024-09-22'),(10137,'C712','P1251',1,'60','2024-04-10'),(10140,'C772','P1072',1,'','2024-10-04'),(10142,'C729','P1015',3,'60','2024-09-20'),(10145,'C657','P1280',1,'45','2024-09-20'),(10146,'C536','P1101',1,'45','2024-06-02'),(10147,'C652','P1055',2,'100','2024-06-09'),(10148,'C686','P1231',10,'100','2024-10-11'),(10149,'C772','P1131',2,'45','2024-06-19'),(10150,'C624','P1255',3,'75','2024-06-16'),(10152,'C536','P1170',10,'75','2024-09-24'),(10154,'C546','P1093',2,'100','2024-06-24'),(10155,'C661','P1254',3,'','2024-04-29'),(10157,'C626','P1121',3,'','2024-03-17'),(10159,'C661','P1196',1,'60','2024-03-19'),(10160,'C688','P1299',5,'45','2024-02-16'),(10161,'C557','P1177',5,'120','2024-09-30'),(10163,'C743','P1198',1,'120','2024-05-19'),(10164,'C767','P1017',3,'','2024-03-30'),(10165,'C680','P1157',10,'','2024-12-23'),(10166,'C577','P1110',2,'120','2024-12-23'),(10167,'C778','P1188',10,'100','2024-04-26'),(10168,'C636','P1095',10,'120','2024-08-09'),(10169,'C715','P1142',2,'100','2024-09-03'),(10170,'C611','P1190',1,'','2024-01-19'),(10171,'C726','P1183',10,'','2024-10-27'),(10172,'C688','P1123',3,'120','2024-02-19'),(10173,'C576','P1130',1,'','2024-09-03'),(10174,'C624','P1006',3,'','2024-06-22'),(10175,'C734','P1051',3,'60','2024-07-24'),(10176,'C671','P1051',5,'45','2024-05-29'),(10177,'C685','P1163',5,'','2024-02-11'),(10178,'C535','P1059',5,'120','2024-09-12'),(10179,'C746','P1237',10,'45','2024-07-06'),(10180,'C533','P1219',3,'120','2024-11-08'),(10181,'C611','P1020',10,'100','2024-05-30'),(10183,'C765','P1021',1,'45','2024-10-27'),(10184,'C545','P1199',3,'','2024-09-12'),(10185,'C520','P1127',1,'45','2024-05-29'),(10186,'C779','P1181',10,'','2024-12-08'),(10187,'C723','P1144',5,'','2024-06-19'),(10188,'C688','P1047',5,'45','2024-05-05'),(10189,'C750','P1188',1,'45','2024-10-26'),(10190,'C581','P1296',1,'120','2024-03-14'),(10191,'C572','P1102',1,'100','2024-08-11'),(10193,'C678','P1094',5,'45','2024-09-27'),(10194,'C668','P1036',10,'','2024-01-02'),(10197,'C708','P1247',3,'75','2024-04-27'),(10198,'C664','P1154',3,'75','2024-04-30'),(10199,'C624','P1062',10,'100','2024-01-26'),(10200,'C563','P1258',1,'100','2024-01-21'),(10201,'C780','P1029',1,'60','2024-02-13'),(10202,'C737','P1057',5,'','2024-12-22'),(10205,'C708','P1041',2,'120','2024-12-24'),(10207,'C791','P1265',2,'100','2024-01-27'),(10208,'C535','P1115',1,'75','2024-05-23'),(10209,'C732','P1130',2,'45','2024-09-28'),(10210,'C783','P1166',2,'100','2024-02-04'),(10211,'C663','P1253',1,'','2024-03-13'),(10214,'C687','P1157',2,'45','2024-04-27'),(10215,'C723','P1070',10,'75','2024-06-28'),(10216,'C595','P1170',10,'','2024-02-01'),(10217,'C742','P1053',5,'75','2024-05-27'),(10218,'C604','P1236',5,'45','2024-08-24'),(10219,'C518','P1174',1,'45','2024-04-06'),(10220,'C666','P1190',2,'60','2024-11-14'),(10221,'C713','P1014',2,'45','2024-09-28'),(10222,'C632','P1199',3,'45','2024-04-23'),(10223,'C768','P1299',5,'100','2024-01-18'),(10225,'C773','P1079',3,'60','2024-01-07'),(10226,'C630','P1059',5,'60','2024-10-13'),(10227,'C783','P1293',3,'100','2024-05-10'),(10228,'C649','P1070',10,'','2024-08-05'),(10232,'C773','P1275',2,'45','2024-12-10'),(10234,'C624','P1261',2,'100','2024-05-17'),(10235,'C677','P1261',10,'','2024-05-29'),(10237,'C599','P1113',3,'60','2024-01-19'),(10238,'C792','P1169',2,'45','2024-01-16'),(10239,'C726','P1254',2,'','2024-02-23'),(10240,'C774','P1023',3,'75','2024-02-23'),(10241,'C757','P1178',2,'120','2024-01-17'),(10242,'C745','P1177',3,'75','2024-05-21'),(10243,'C713','P1142',5,'','2024-04-05'),(10244,'C537','P1072',1,'45','2024-01-03'),(10246,'C702','P1079',2,'100','2024-06-30'),(10247,'C538','P1072',5,'75','2024-11-16'),(10248,'C686','P1108',10,'120','2024-12-13'),(10249,'C795','P1138',5,'75','2024-05-24'),(10252,'C548','P1002',10,'75','2024-12-20'),(10253,'C647','P1200',5,'120','2024-01-20'),(10255,'C635','P1287',5,'45','2024-04-20'),(10256,'C632','P1267',3,'45','2024-01-17'),(10258,'C737','P1095',2,'','2024-09-19'),(10260,'C568','P1284',2,'75','2024-10-24'),(10261,'C547','P1038',3,'45','2024-01-27'),(10262,'C502','P1255',5,'100','2024-07-03'),(10264,'C716','P1289',2,'120','2024-02-10'),(10265,'C642','P1275',5,'100','2024-04-03'),(10266,'C771','P1297',2,'60','2024-09-17'),(10268,'C706','P1067',2,'75','2024-05-10'),(10269,'C710','P1070',5,'60','2024-07-23'),(10270,'C673','P1046',10,'100','2024-03-06'),(10271,'C790','P1035',2,'','2024-08-01'),(10272,'C668','P1087',5,'45','2024-09-23'),(10274,'C685','P1213',3,'100','2024-04-13'),(10275,'C513','P1137',1,'','2024-07-07'),(10276,'C647','P1169',2,'60','2024-07-26'),(10277,'C752','P1007',2,'','2024-06-22'),(10279,'C732','P1028',5,'100','2024-05-26'),(10280,'C702','P1013',5,'','2024-10-08'),(10281,'C578','P1296',1,'60','2024-11-29'),(10282,'C652','P1269',2,'75','2024-01-30'),(10283,'C686','P1123',5,'120','2024-12-30'),(10285,'C753','P1023',2,'45','2024-08-19'),(10286,'C513','P1008',2,'','2024-11-25'),(10287,'C726','P1099',1,'75','2024-02-07'),(10288,'C769','P1291',1,'75','2024-02-19'),(10289,'C555','P1217',3,'100','2024-10-12'),(10290,'C717','P1165',3,'100','2024-08-06'),(10292,'C788','P1273',2,'45','2024-03-01'),(10293,'C664','P1050',10,'','2024-12-02'),(10294,'C606','P1299',1,'60','2024-12-07'),(10295,'C798','P1054',5,'75','2024-01-18'),(10296,'C740','P1209',3,'45','2024-07-08'),(10297,'C612','P1270',3,'','2024-08-07'),(10299,'C688','P1238',3,'75','2024-05-13'),(10201,'C780','P1029',1,'60','2024-02-13'),(10140,'C772','P1072',1,'','2024-10-04'),(10167,'C778','P1188',10,'100','2024-04-26'),(10137,'C712','P1251',1,'60','2024-04-10'),(10194,'C668','P1036',10,'','2024-01-02'),(10097,'C714','P1010',3,'60','2024-07-01'),(10177,'C685','P1163',5,'','2024-02-11'),(10265,'C642','P1275',5,'100','2024-04-03'),(10037,'C526','P1012',3,'','2024-10-21'),(10041,'C510','P1095',2,'75','2024-09-02'),(10023,'C527','P1238',10,'100','2024-06-04'),(10007,'C792','P1027',10,'45','2024-11-17'),(10264,'C716','P1289',2,'120','2024-02-10'),(10226,'C630','P1059',5,'60','2024-10-13'),(10157,'C626','P1121',3,'','2024-03-17'),(10243,'C713','P1142',5,'','2024-04-05'),(10111,'C673','P1252',10,'','2024-11-28'),(10085,'C647','P1006',2,'120','2024-05-10'),(10183,'C765','P1021',1,'45','2024-10-27'),(10207,'C791','P1265',2,'100','2024-01-27'),(10261,'C547','P1038',3,'45','2024-01-27'),(10219,'C518','P1174',1,'45','2024-04-06'),(10136,'C641','P1120',3,'','2024-09-22'),(10021,'C739','P1025',1,'','2024-09-09'),(10005,'C709','P1248',1,'','2024-06-21'),(10178,'C535','P1059',5,'120','2024-09-12'),(10189,'C750','P1188',1,'45','2024-10-26'),(10142,'C729','P1015',3,'60','2024-09-20'),(10080,'C661','P1215',1,'75','2024-12-29'),(10114,'C788','P1139',5,'100','2024-11-15'),(10181,'C611','P1020',10,'100','2024-05-30'),(10079,'C781','P1126',1,'75','2024-10-23'),(10247,'C538','P1072',5,'75','2024-11-16');
/*!40000 ALTER TABLE sales_300 ENABLE KEYS */;
UNLOCK TABLES;

--
-- Table structure for table `suppliers`
--

DROP TABLE IF EXISTS suppliers;
/*!40101 SET @saved_cs_client     = @@character_set_client */;
/*!50503 SET character_set_client = utf8mb4 */;
CREATE TABLE suppliers (
  supplier_id text,
  supplier_name text,
  country text
) ENGINE=InnoDB DEFAULT CHARSET=utf8mb4 COLLATE=utf8mb4_0900_ai_ci;
/*!40101 SET character_set_client = @saved_cs_client */;

--
-- Dumping data for table `suppliers`
--

LOCK TABLES suppliers WRITE;
/*!40000 ALTER TABLE suppliers DISABLE KEYS */;
INSERT INTO suppliers VALUES ('S200','HealWell','India'),('S201','PharmaCorp','China'),('S202','HealWell',''),('S203','','China'),('S204','GoodHealth Ltd','China'),('S205','HealWell',''),('S206','PharmaCorp','China'),('S207','HealWell','Kenya'),('S208','HealWell','Kenya'),('S209','GoodHealth Ltd','China'),('S210','HealWell','India'),('S211','MediSupply','India'),('S212','HealWell','Kenya'),('S213','PharmaCorp','India'),('S214','MediSupply','India'),('S215','MediSupply','Germany'),('S216','','India'),('S217','PharmaCorp','China'),('S218','GoodHealth Ltd','India'),('S219','','China'),('S220','','Germany'),('S221','MediSupply','Kenya'),('S222','HealWell','Germany'),('S223','PharmaCorp','Kenya'),('S224','HealWell','India'),('S225','MediSupply','Germany'),('S226','',''),('S227','','China'),('S228','GoodHealth Ltd','India'),('S229','HealWell','China'),('S230','MediSupply','India'),('S231','GoodHealth Ltd','Kenya'),('S232','','Germany'),('S233','GoodHealth Ltd','Kenya'),('S234','HealWell',''),('S235','','India'),('S236','PharmaCorp','India'),('S237','HealWell','India'),('S238','MediSupply',''),('S239','HealWell','Kenya'),('S240','PharmaCorp','Germany'),('S241','HealWell','Germany'),('S242','PharmaCorp','Kenya'),('S243','PharmaCorp','China'),('S244','','Kenya'),('S245','PharmaCorp','Kenya'),('S246','PharmaCorp','Germany'),('S247','','Kenya'),('S248','PharmaCorp','Germany'),('S249','GoodHealth Ltd','Germany'),('S250','HealWell','India'),('S251','GoodHealth Ltd','India'),('S252','PharmaCorp','India'),('S253','MediSupply','India'),('S254','PharmaCorp','Germany'),('S255','HealWell','India'),('S256','GoodHealth Ltd','Germany'),('S257','MediSupply','Kenya'),('S258','GoodHealth Ltd','China'),('S259','MediSupply','India'),('S260','GoodHealth Ltd',''),('S261','','Kenya'),('S262','PharmaCorp','Kenya'),('S263','GoodHealth Ltd','India'),('S264','PharmaCorp',''),('S265','HealWell',''),('S266','GoodHealth Ltd','Kenya'),('S267','GoodHealth Ltd',''),('S268','MediSupply','China'),('S269','MediSupply','Kenya'),('S270','HealWell','India'),('S271','PharmaCorp',''),('S272','PharmaCorp','China'),('S273','HealWell','Kenya'),('S274','HealWell','Germany'),('S275','MediSupply','India'),('S276','',''),('S277','HealWell','Germany'),('S278','HealWell',''),('S279','MediSupply','Germany'),('S280','MediSupply','Kenya'),('S281','GoodHealth Ltd','Germany'),('S282','MediSupply','India'),('S283','PharmaCorp','India'),('S284','PharmaCorp','India'),('S285','PharmaCorp','Germany'),('S286','PharmaCorp','Kenya'),('S287','MediSupply','India'),('S288','HealWell',''),('S289','','Kenya'),('S290','PharmaCorp','China'),('S291','GoodHealth Ltd','India'),('S292','MediSupply','Germany'),('S293','HealWell','China'),('S294','GoodHealth Ltd','Kenya'),('S295','GoodHealth Ltd','Kenya'),('S296','GoodHealth Ltd','India'),('S297','GoodHealth Ltd','Kenya'),('S298','GoodHealth Ltd',''),('S299','HealWell',''),('S300','MediSupply','India'),('S301','MediSupply','Kenya'),('S302','GoodHealth Ltd','India'),('S303','MediSupply',''),('S304','GoodHealth Ltd','Kenya'),('S305','MediSupply','Kenya'),('S306','MediSupply','Germany'),('S307','GoodHealth Ltd','China'),('S308','GoodHealth Ltd','India'),('S309','HealWell','Kenya'),('S310','GoodHealth Ltd','India'),('S311','','Germany'),('S312','MediSupply','India'),('S313','MediSupply','Kenya'),('S314','PharmaCorp','Kenya'),('S315','MediSupply','Germany'),('S316','HealWell','Germany'),('S317','',''),('S318','','India'),('S319','GoodHealth Ltd','Germany'),('S320','GoodHealth Ltd','Germany'),('S321','',''),('S322','GoodHealth Ltd','India'),('S323','HealWell','India'),('S324','GoodHealth Ltd',''),('S325','GoodHealth Ltd','Kenya'),('S326','PharmaCorp','Kenya'),('S327','GoodHealth Ltd',''),('S328','PharmaCorp','China'),('S329','HealWell','Germany'),('S330','GoodHealth Ltd','Germany'),('S331','GoodHealth Ltd','India'),('S332','HealWell','India'),('S333','HealWell','India'),('S334','HealWell',''),('S335','HealWell','China'),('S336','GoodHealth Ltd','Kenya'),('S337','HealWell','India'),('S338','','India'),('S339','GoodHealth Ltd','China'),('S340','HealWell','China'),('S341','GoodHealth Ltd',''),('S342','GoodHealth Ltd','Germany'),('S343','','China'),('S344','PharmaCorp','Kenya'),('S345','HealWell','China'),('S346','PharmaCorp','Kenya'),('S347','','India'),('S348','GoodHealth Ltd',''),('S349','HealWell',''),('S350','MediSupply','China'),('S351','PharmaCorp','Kenya'),('S352','PharmaCorp','India'),('S353','GoodHealth Ltd','Germany'),('S354','GoodHealth Ltd','Kenya'),('S355','GoodHealth Ltd','Germany'),('S356','MediSupply','China'),('S357','',''),('S358','GoodHealth Ltd','Germany'),('S359','HealWell','Germany'),('S360','PharmaCorp',''),('S361','PharmaCorp','Germany'),('S362','HealWell','Kenya'),('S363','','China'),('S364','PharmaCorp','India'),('S365','MediSupply','India'),('S366','','China'),('S367','MediSupply','China'),('S368','GoodHealth Ltd',''),('S369','HealWell','Kenya'),('S370','GoodHealth Ltd','Germany'),('S371','MediSupply','Germany'),('S372','','China'),('S373','HealWell','Germany'),('S374','GoodHealth Ltd','China'),('S375','GoodHealth Ltd','China'),('S376','PharmaCorp',''),('S377','','China'),('S378','PharmaCorp','China'),('S379','MediSupply',''),('S380','',''),('S381','','Germany'),('S382','PharmaCorp',''),('S383','HealWell',''),('S384','GoodHealth Ltd','Germany'),('S385','HealWell','Germany'),('S386','','Kenya'),('S387','HealWell','China'),('S388','PharmaCorp','Germany'),('S389','HealWell','China'),('S390','HealWell','Kenya'),('S391','GoodHealth Ltd','Kenya'),('S392','','Germany'),('S393','PharmaCorp','Germany'),('S394','GoodHealth Ltd','Kenya'),('S395','HealWell','China'),('S396','GoodHealth Ltd',''),('S397','','Germany'),('S398','PharmaCorp','China'),('S399','HealWell','India'),('S400','MediSupply','Kenya'),('S401','GoodHealth Ltd','Kenya'),('S402','MediSupply','Germany'),('S403','PharmaCorp','India'),('S404','HealWell','India'),('S405','PharmaCorp',''),('S406','PharmaCorp','China'),('S407','PharmaCorp',''),('S408','GoodHealth Ltd',''),('S409','HealWell','China'),('S410','GoodHealth Ltd','Germany'),('S411','MediSupply',''),('S412','','China'),('S413','HealWell','Kenya'),('S414','MediSupply','Kenya'),('S415','HealWell','China'),('S416','GoodHealth Ltd','India'),('S417','GoodHealth Ltd',''),('S418','MediSupply','India'),('S419','HealWell','China'),('S420','MediSupply','Kenya'),('S421','MediSupply','Kenya'),('S422','HealWell','China'),('S423','GoodHealth Ltd','Germany'),('S424','GoodHealth Ltd','China'),('S425','HealWell','Kenya'),('S426','MediSupply','China'),('S427','HealWell','China'),('S428','PharmaCorp','Kenya'),('S429','GoodHealth Ltd','China'),('S430','GoodHealth Ltd','India'),('S431','PharmaCorp','Germany'),('S432','PharmaCorp','India'),('S433','','India'),('S434','GoodHealth Ltd',''),('S435','HealWell','China'),('S436','HealWell',''),('S437','PharmaCorp','Germany'),('S438','','India'),('S439','GoodHealth Ltd',''),('S440','MediSupply',''),('S441','HealWell','India'),('S442','GoodHealth Ltd',''),('S443','PharmaCorp','Kenya'),('S444','PharmaCorp','Germany'),('S445','HealWell','China'),('S446','','Kenya'),('S447','HealWell','China'),('S448','GoodHealth Ltd','Germany'),('S449','MediSupply','China'),('S450','','China'),('S451','MediSupply','Germany'),('S452','MediSupply',''),('S453','MediSupply',''),('S454','HealWell','India'),('S455','GoodHealth Ltd','Germany'),('S456','','Kenya'),('S457','HealWell','China'),('S458','HealWell',''),('S459','GoodHealth Ltd','Kenya'),('S460','','India'),('S461','PharmaCorp','China'),('S462','HealWell','Kenya'),('S463','','China'),('S464','GoodHealth Ltd','China'),('S465','PharmaCorp','India'),('S466','MediSupply','China'),('S467','PharmaCorp','Kenya'),('S468','MediSupply','Germany'),('S469','GoodHealth Ltd','Germany'),('S470','','India'),('S471','PharmaCorp','China'),('S472','',''),('S473','','China'),('S474','GoodHealth Ltd','India'),('S475','PharmaCorp',''),('S476','GoodHealth Ltd','India'),('S477','HealWell','India'),('S478','PharmaCorp','Kenya'),('S479','','China'),('S480','HealWell',''),('S481','MediSupply','Kenya'),('S482','MediSupply',''),('S483','MediSupply','China'),('S484','MediSupply','Kenya'),('S485','PharmaCorp','India'),('S486','MediSupply','China'),('S487','GoodHealth Ltd','China'),('S488','',''),('S489','MediSupply','Germany'),('S490','GoodHealth Ltd','Germany'),('S491','PharmaCorp','China'),('S492','GoodHealth Ltd','Kenya'),('S493','','China'),('S494','HealWell','China'),('S495','MediSupply','Germany'),('S496','GoodHealth Ltd','Germany'),('S497','MediSupply','Kenya'),('S498','','Kenya'),('S499','HealWell','Germany'),('S339','GoodHealth Ltd','China'),('S247','','Kenya'),('S265','HealWell',''),('S437','PharmaCorp','Germany'),('S354','GoodHealth Ltd','Kenya'),('S441','HealWell','India'),('S494','HealWell','China'),('S301','MediSupply','Kenya'),('S423','GoodHealth Ltd','Germany'),('S352','PharmaCorp','India'),('S268','MediSupply','China'),('S464','GoodHealth Ltd','China'),('S488','',''),('S216','','India'),('S284','PharmaCorp','India');
/*!40000 ALTER TABLE suppliers ENABLE KEYS */;
UNLOCK TABLES;

--
-- Table structure for table `suppliers2`
--

DROP TABLE IF EXISTS suppliers2;
/*!40101 SET @saved_cs_client     = @@character_set_client */;
/*!50503 SET character_set_client = utf8mb4 */;
CREATE TABLE suppliers2 (
  supplier_id varchar(10) NOT NULL,
  supplier_name text,
  country text,
  PRIMARY KEY (supplier_id)
) ENGINE=InnoDB DEFAULT CHARSET=utf8mb4 COLLATE=utf8mb4_0900_ai_ci;
/*!40101 SET character_set_client = @saved_cs_client */;

--
-- Dumping data for table `suppliers2`
--

LOCK TABLES suppliers2 WRITE;
/*!40000 ALTER TABLE suppliers2 DISABLE KEYS */;
INSERT INTO suppliers2 VALUES ('S200','HealWell','India'),('S201','PharmaCorp','China'),('S202','HealWell','India'),('S203','PharmaCorp','China'),('S204','GoodHealth Ltd','China'),('S205','HealWell','India'),('S206','PharmaCorp','China'),('S207','HealWell','Kenya'),('S208','HealWell','Kenya'),('S209','GoodHealth Ltd','China'),('S210','HealWell','India'),('S211','MediSupply','India'),('S212','HealWell','Kenya'),('S213','PharmaCorp','India'),('S214','MediSupply','India'),('S215','MediSupply','Germany'),('S216','HealWell','India'),('S217','PharmaCorp','China'),('S218','GoodHealth Ltd','India'),('S219','PharmaCorp','China'),('S220','MediSupply','Germany'),('S221','MediSupply','Kenya'),('S222','HealWell','Germany'),('S223','PharmaCorp','Kenya'),('S224','HealWell','India'),('S225','MediSupply','Germany'),('S226','HealWell','India'),('S227','PharmaCorp','China'),('S228','GoodHealth Ltd','India'),('S229','HealWell','China'),('S230','MediSupply','India'),('S231','GoodHealth Ltd','Kenya'),('S232','MediSupply','Germany'),('S233','GoodHealth Ltd','Kenya'),('S234','HealWell','India'),('S235','HealWell','India'),('S236','PharmaCorp','India'),('S237','HealWell','India'),('S238','MediSupply','India'),('S239','HealWell','Kenya'),('S240','PharmaCorp','Germany'),('S241','HealWell','Germany'),('S242','PharmaCorp','Kenya'),('S243','PharmaCorp','China'),('S244','HealWell','Kenya'),('S245','PharmaCorp','Kenya'),('S246','PharmaCorp','Germany'),('S247','HealWell','Kenya'),('S248','PharmaCorp','Germany'),('S249','GoodHealth Ltd','Germany'),('S250','HealWell','India'),('S251','GoodHealth Ltd','India'),('S252','PharmaCorp','India'),('S253','MediSupply','India'),('S254','PharmaCorp','Germany'),('S255','HealWell','India'),('S256','GoodHealth Ltd','Germany'),('S257','MediSupply','Kenya'),('S258','GoodHealth Ltd','China'),('S259','MediSupply','India'),('S260','GoodHealth Ltd','China'),('S261','HealWell','Kenya'),('S262','PharmaCorp','Kenya'),('S263','GoodHealth Ltd','India'),('S264','PharmaCorp','China'),('S265','HealWell','India'),('S266','GoodHealth Ltd','Kenya'),('S267','GoodHealth Ltd','China'),('S268','MediSupply','China'),('S269','MediSupply','Kenya'),('S270','HealWell','India'),('S271','PharmaCorp','China'),('S272','PharmaCorp','China'),('S273','HealWell','Kenya'),('S274','HealWell','Germany'),('S275','MediSupply','India'),('S276','HealWell','India'),('S277','HealWell','Germany'),('S278','HealWell','India'),('S279','MediSupply','Germany'),('S280','MediSupply','Kenya'),('S281','GoodHealth Ltd','Germany'),('S282','MediSupply','India'),('S283','PharmaCorp','India'),('S284','PharmaCorp','India'),('S285','PharmaCorp','Germany'),('S286','PharmaCorp','Kenya'),('S287','MediSupply','India'),('S288','HealWell','India'),('S289','HealWell','Kenya'),('S290','PharmaCorp','China'),('S291','GoodHealth Ltd','India'),('S292','MediSupply','Germany'),('S293','HealWell','China'),('S294','GoodHealth Ltd','Kenya'),('S295','GoodHealth Ltd','Kenya'),('S296','GoodHealth Ltd','India'),('S297','GoodHealth Ltd','Kenya'),('S298','GoodHealth Ltd','China'),('S299','HealWell','India'),('S300','MediSupply','India'),('S301','MediSupply','Kenya'),('S302','GoodHealth Ltd','India'),('S303','MediSupply','India'),('S304','GoodHealth Ltd','Kenya'),('S305','MediSupply','Kenya'),('S306','MediSupply','Germany'),('S307','GoodHealth Ltd','China'),('S308','GoodHealth Ltd','India'),('S309','HealWell','Kenya'),('S310','GoodHealth Ltd','India'),('S311','MediSupply','Germany'),('S312','MediSupply','India'),('S313','MediSupply','Kenya'),('S314','PharmaCorp','Kenya'),('S315','MediSupply','Germany'),('S316','HealWell','Germany'),('S317','HealWell','India'),('S318','HealWell','India'),('S319','GoodHealth Ltd','Germany'),('S320','GoodHealth Ltd','Germany'),('S321','HealWell','India'),('S322','GoodHealth Ltd','India'),('S323','HealWell','India'),('S324','GoodHealth Ltd','China'),('S325','GoodHealth Ltd','Kenya'),('S326','PharmaCorp','Kenya'),('S327','GoodHealth Ltd','China'),('S328','PharmaCorp','China'),('S329','HealWell','Germany'),('S330','GoodHealth Ltd','Germany'),('S331','GoodHealth Ltd','India'),('S332','HealWell','India'),('S333','HealWell','India'),('S334','HealWell','India'),('S335','HealWell','China'),('S336','GoodHealth Ltd','Kenya'),('S337','HealWell','India'),('S338','HealWell','India'),('S339','GoodHealth Ltd','China'),('S340','HealWell','China'),('S341','GoodHealth Ltd','China'),('S342','GoodHealth Ltd','Germany'),('S343','PharmaCorp','China'),('S344','PharmaCorp','Kenya'),('S345','HealWell','China'),('S346','PharmaCorp','Kenya'),('S347','HealWell','India'),('S348','GoodHealth Ltd','China'),('S349','HealWell','India'),('S350','MediSupply','China'),('S351','PharmaCorp','Kenya'),('S352','PharmaCorp','India'),('S353','GoodHealth Ltd','Germany'),('S354','GoodHealth Ltd','Kenya'),('S355','GoodHealth Ltd','Germany'),('S356','MediSupply','China'),('S357','HealWell','India'),('S358','GoodHealth Ltd','Germany'),('S359','HealWell','Germany'),('S360','PharmaCorp','China'),('S361','PharmaCorp','Germany'),('S362','HealWell','Kenya'),('S363','PharmaCorp','China'),('S364','PharmaCorp','India'),('S365','MediSupply','India'),('S366','PharmaCorp','China'),('S367','MediSupply','China'),('S368','GoodHealth Ltd','China'),('S369','HealWell','Kenya'),('S370','GoodHealth Ltd','Germany'),('S371','MediSupply','Germany'),('S372','PharmaCorp','China'),('S373','HealWell','Germany'),('S374','GoodHealth Ltd','China'),('S375','GoodHealth Ltd','China'),('S376','PharmaCorp','China'),('S377','PharmaCorp','China'),('S378','PharmaCorp','China'),('S379','MediSupply','India'),('S380','HealWell','India'),('S381','MediSupply','Germany'),('S382','PharmaCorp','China'),('S383','HealWell','India'),('S384','GoodHealth Ltd','Germany'),('S385','HealWell','Germany'),('S386','HealWell','Kenya'),('S387','HealWell','China'),('S388','PharmaCorp','Germany'),('S389','HealWell','China'),('S390','HealWell','Kenya'),('S391','GoodHealth Ltd','Kenya'),('S392','MediSupply','Germany'),('S393','PharmaCorp','Germany'),('S394','GoodHealth Ltd','Kenya'),('S395','HealWell','China'),('S396','GoodHealth Ltd','China'),('S397','MediSupply','Germany'),('S398','PharmaCorp','China'),('S399','HealWell','India'),('S400','MediSupply','Kenya'),('S401','GoodHealth Ltd','Kenya'),('S402','MediSupply','Germany'),('S403','PharmaCorp','India'),('S404','HealWell','India'),('S405','PharmaCorp','China'),('S406','PharmaCorp','China'),('S407','PharmaCorp','China'),('S408','GoodHealth Ltd','China'),('S409','HealWell','China'),('S410','GoodHealth Ltd','Germany'),('S411','MediSupply','India'),('S412','PharmaCorp','China'),('S413','HealWell','Kenya'),('S414','MediSupply','Kenya'),('S415','HealWell','China'),('S416','GoodHealth Ltd','India'),('S417','GoodHealth Ltd','China'),('S418','MediSupply','India'),('S419','HealWell','China'),('S420','MediSupply','Kenya'),('S421','MediSupply','Kenya'),('S422','HealWell','China'),('S423','GoodHealth Ltd','Germany'),('S424','GoodHealth Ltd','China'),('S425','HealWell','Kenya'),('S426','MediSupply','China'),('S427','HealWell','China'),('S428','PharmaCorp','Kenya'),('S429','GoodHealth Ltd','China'),('S430','GoodHealth Ltd','India'),('S431','PharmaCorp','Germany'),('S432','PharmaCorp','India'),('S433','HealWell','India'),('S434','GoodHealth Ltd','China'),('S435','HealWell','China'),('S436','HealWell','India'),('S437','PharmaCorp','Germany'),('S438','HealWell','India'),('S439','GoodHealth Ltd','China'),('S440','MediSupply','India'),('S441','HealWell','India'),('S442','GoodHealth Ltd','China'),('S443','PharmaCorp','Kenya'),('S444','PharmaCorp','Germany'),('S445','HealWell','China'),('S446','HealWell','Kenya'),('S447','HealWell','China'),('S448','GoodHealth Ltd','Germany'),('S449','MediSupply','China'),('S450','PharmaCorp','China'),('S451','MediSupply','Germany'),('S452','MediSupply','India'),('S453','MediSupply','India'),('S454','HealWell','India'),('S455','GoodHealth Ltd','Germany'),('S456','HealWell','Kenya'),('S457','HealWell','China'),('S458','HealWell','India'),('S459','GoodHealth Ltd','Kenya'),('S460','HealWell','India'),('S461','PharmaCorp','China'),('S462','HealWell','Kenya'),('S463','PharmaCorp','China'),('S464','GoodHealth Ltd','China'),('S465','PharmaCorp','India'),('S466','MediSupply','China'),('S467','PharmaCorp','Kenya'),('S468','MediSupply','Germany'),('S469','GoodHealth Ltd','Germany'),('S470','HealWell','India'),('S471','PharmaCorp','China'),('S472','HealWell','India'),('S473','PharmaCorp','China'),('S474','GoodHealth Ltd','India'),('S475','PharmaCorp','China'),('S476','GoodHealth Ltd','India'),('S477','HealWell','India'),('S478','PharmaCorp','Kenya'),('S479','PharmaCorp','China'),('S480','HealWell','India'),('S481','MediSupply','Kenya'),('S482','MediSupply','India'),('S483','MediSupply','China'),('S484','MediSupply','Kenya'),('S485','PharmaCorp','India'),('S486','MediSupply','China'),('S487','GoodHealth Ltd','China'),('S488','HealWell','India'),('S489','MediSupply','Germany'),('S490','GoodHealth Ltd','Germany'),('S491','PharmaCorp','China'),('S492','GoodHealth Ltd','Kenya'),('S493','PharmaCorp','China'),('S494','HealWell','China'),('S495','MediSupply','Germany'),('S496','GoodHealth Ltd','Germany'),('S497','MediSupply','Kenya'),('S498','HealWell','Kenya'),('S499','HealWell','Germany');
/*!40000 ALTER TABLE suppliers2 ENABLE KEYS */;
UNLOCK TABLES;

--
-- Table structure for table `suppliers_300`
--

DROP TABLE IF EXISTS suppliers_300;
/*!40101 SET @saved_cs_client     = @@character_set_client */;
/*!50503 SET character_set_client = utf8mb4 */;
CREATE TABLE suppliers_300 (
  supplier_id text,
  supplier_name text,
  country text
) ENGINE=InnoDB DEFAULT CHARSET=utf8mb4 COLLATE=utf8mb4_0900_ai_ci;
/*!40101 SET character_set_client = @saved_cs_client */;

--
-- Dumping data for table `suppliers_300`
--

LOCK TABLES suppliers_300 WRITE;
/*!40000 ALTER TABLE suppliers_300 DISABLE KEYS */;
INSERT INTO suppliers_300 VALUES ('S200','HealWell','India'),('S201','PharmaCorp','China'),('S202','HealWell',''),('S203','','China'),('S204','GoodHealth Ltd','China'),('S205','HealWell',''),('S206','PharmaCorp','China'),('S207','HealWell','Kenya'),('S208','HealWell','Kenya'),('S209','GoodHealth Ltd','China'),('S210','HealWell','India'),('S211','MediSupply','India'),('S212','HealWell','Kenya'),('S213','PharmaCorp','India'),('S214','MediSupply','India'),('S215','MediSupply','Germany'),('S216','','India'),('S217','PharmaCorp','China'),('S218','GoodHealth Ltd','India'),('S219','','China'),('S220','','Germany'),('S221','MediSupply','Kenya'),('S222','HealWell','Germany'),('S223','PharmaCorp','Kenya'),('S224','HealWell','India'),('S225','MediSupply','Germany'),('S226','',''),('S227','','China'),('S228','GoodHealth Ltd','India'),('S229','HealWell','China'),('S230','MediSupply','India'),('S231','GoodHealth Ltd','Kenya'),('S232','','Germany'),('S233','GoodHealth Ltd','Kenya'),('S234','HealWell',''),('S235','','India'),('S236','PharmaCorp','India'),('S237','HealWell','India'),('S238','MediSupply',''),('S239','HealWell','Kenya'),('S240','PharmaCorp','Germany'),('S241','HealWell','Germany'),('S242','PharmaCorp','Kenya'),('S243','PharmaCorp','China'),('S244','','Kenya'),('S245','PharmaCorp','Kenya'),('S246','PharmaCorp','Germany'),('S247','','Kenya'),('S248','PharmaCorp','Germany'),('S249','GoodHealth Ltd','Germany'),('S250','HealWell','India'),('S251','GoodHealth Ltd','India'),('S252','PharmaCorp','India'),('S253','MediSupply','India'),('S254','PharmaCorp','Germany'),('S255','HealWell','India'),('S256','GoodHealth Ltd','Germany'),('S257','MediSupply','Kenya'),('S258','GoodHealth Ltd','China'),('S259','MediSupply','India'),('S260','GoodHealth Ltd',''),('S261','','Kenya'),('S262','PharmaCorp','Kenya'),('S263','GoodHealth Ltd','India'),('S264','PharmaCorp',''),('S265','HealWell',''),('S266','GoodHealth Ltd','Kenya'),('S267','GoodHealth Ltd',''),('S268','MediSupply','China'),('S269','MediSupply','Kenya'),('S270','HealWell','India'),('S271','PharmaCorp',''),('S272','PharmaCorp','China'),('S273','HealWell','Kenya'),('S274','HealWell','Germany'),('S275','MediSupply','India'),('S276','',''),('S277','HealWell','Germany'),('S278','HealWell',''),('S279','MediSupply','Germany'),('S280','MediSupply','Kenya'),('S281','GoodHealth Ltd','Germany'),('S282','MediSupply','India'),('S283','PharmaCorp','India'),('S284','PharmaCorp','India'),('S285','PharmaCorp','Germany'),('S286','PharmaCorp','Kenya'),('S287','MediSupply','India'),('S288','HealWell',''),('S289','','Kenya'),('S290','PharmaCorp','China'),('S291','GoodHealth Ltd','India'),('S292','MediSupply','Germany'),('S293','HealWell','China'),('S294','GoodHealth Ltd','Kenya'),('S295','GoodHealth Ltd','Kenya'),('S296','GoodHealth Ltd','India'),('S297','GoodHealth Ltd','Kenya'),('S298','GoodHealth Ltd',''),('S299','HealWell',''),('S300','MediSupply','India'),('S301','MediSupply','Kenya'),('S302','GoodHealth Ltd','India'),('S303','MediSupply',''),('S304','GoodHealth Ltd','Kenya'),('S305','MediSupply','Kenya'),('S306','MediSupply','Germany'),('S307','GoodHealth Ltd','China'),('S308','GoodHealth Ltd','India'),('S309','HealWell','Kenya'),('S310','GoodHealth Ltd','India'),('S311','','Germany'),('S312','MediSupply','India'),('S313','MediSupply','Kenya'),('S314','PharmaCorp','Kenya'),('S315','MediSupply','Germany'),('S316','HealWell','Germany'),('S317','',''),('S318','','India'),('S319','GoodHealth Ltd','Germany'),('S320','GoodHealth Ltd','Germany'),('S321','',''),('S322','GoodHealth Ltd','India'),('S323','HealWell','India'),('S324','GoodHealth Ltd',''),('S325','GoodHealth Ltd','Kenya'),('S326','PharmaCorp','Kenya'),('S327','GoodHealth Ltd',''),('S328','PharmaCorp','China'),('S329','HealWell','Germany'),('S330','GoodHealth Ltd','Germany'),('S331','GoodHealth Ltd','India'),('S332','HealWell','India'),('S333','HealWell','India'),('S334','HealWell',''),('S335','HealWell','China'),('S336','GoodHealth Ltd','Kenya'),('S337','HealWell','India'),('S338','','India'),('S339','GoodHealth Ltd','China'),('S340','HealWell','China'),('S341','GoodHealth Ltd',''),('S342','GoodHealth Ltd','Germany'),('S343','','China'),('S344','PharmaCorp','Kenya'),('S345','HealWell','China'),('S346','PharmaCorp','Kenya'),('S347','','India'),('S348','GoodHealth Ltd',''),('S349','HealWell',''),('S350','MediSupply','China'),('S351','PharmaCorp','Kenya'),('S352','PharmaCorp','India'),('S353','GoodHealth Ltd','Germany'),('S354','GoodHealth Ltd','Kenya'),('S355','GoodHealth Ltd','Germany'),('S356','MediSupply','China'),('S357','',''),('S358','GoodHealth Ltd','Germany'),('S359','HealWell','Germany'),('S360','PharmaCorp',''),('S361','PharmaCorp','Germany'),('S362','HealWell','Kenya'),('S363','','China'),('S364','PharmaCorp','India'),('S365','MediSupply','India'),('S366','','China'),('S367','MediSupply','China'),('S368','GoodHealth Ltd',''),('S369','HealWell','Kenya'),('S370','GoodHealth Ltd','Germany'),('S371','MediSupply','Germany'),('S372','','China'),('S373','HealWell','Germany'),('S374','GoodHealth Ltd','China'),('S375','GoodHealth Ltd','China'),('S376','PharmaCorp',''),('S377','','China'),('S378','PharmaCorp','China'),('S379','MediSupply',''),('S380','',''),('S381','','Germany'),('S382','PharmaCorp',''),('S383','HealWell',''),('S384','GoodHealth Ltd','Germany'),('S385','HealWell','Germany'),('S386','','Kenya'),('S387','HealWell','China'),('S388','PharmaCorp','Germany'),('S389','HealWell','China'),('S390','HealWell','Kenya'),('S391','GoodHealth Ltd','Kenya'),('S392','','Germany'),('S393','PharmaCorp','Germany'),('S394','GoodHealth Ltd','Kenya'),('S395','HealWell','China'),('S396','GoodHealth Ltd',''),('S397','','Germany'),('S398','PharmaCorp','China'),('S399','HealWell','India'),('S400','MediSupply','Kenya'),('S401','GoodHealth Ltd','Kenya'),('S402','MediSupply','Germany'),('S403','PharmaCorp','India'),('S404','HealWell','India'),('S405','PharmaCorp',''),('S406','PharmaCorp','China'),('S407','PharmaCorp',''),('S408','GoodHealth Ltd',''),('S409','HealWell','China'),('S410','GoodHealth Ltd','Germany'),('S411','MediSupply',''),('S412','','China'),('S413','HealWell','Kenya'),('S414','MediSupply','Kenya'),('S415','HealWell','China'),('S416','GoodHealth Ltd','India'),('S417','GoodHealth Ltd',''),('S418','MediSupply','India'),('S419','HealWell','China'),('S420','MediSupply','Kenya'),('S421','MediSupply','Kenya'),('S422','HealWell','China'),('S423','GoodHealth Ltd','Germany'),('S424','GoodHealth Ltd','China'),('S425','HealWell','Kenya'),('S426','MediSupply','China'),('S427','HealWell','China'),('S428','PharmaCorp','Kenya'),('S429','GoodHealth Ltd','China'),('S430','GoodHealth Ltd','India'),('S431','PharmaCorp','Germany'),('S432','PharmaCorp','India'),('S433','','India'),('S434','GoodHealth Ltd',''),('S435','HealWell','China'),('S436','HealWell',''),('S437','PharmaCorp','Germany'),('S438','','India'),('S439','GoodHealth Ltd',''),('S440','MediSupply',''),('S441','HealWell','India'),('S442','GoodHealth Ltd',''),('S443','PharmaCorp','Kenya'),('S444','PharmaCorp','Germany'),('S445','HealWell','China'),('S446','','Kenya'),('S447','HealWell','China'),('S448','GoodHealth Ltd','Germany'),('S449','MediSupply','China'),('S450','','China'),('S451','MediSupply','Germany'),('S452','MediSupply',''),('S453','MediSupply',''),('S454','HealWell','India'),('S455','GoodHealth Ltd','Germany'),('S456','','Kenya'),('S457','HealWell','China'),('S458','HealWell',''),('S459','GoodHealth Ltd','Kenya'),('S460','','India'),('S461','PharmaCorp','China'),('S462','HealWell','Kenya'),('S463','','China'),('S464','GoodHealth Ltd','China'),('S465','PharmaCorp','India'),('S466','MediSupply','China'),('S467','PharmaCorp','Kenya'),('S468','MediSupply','Germany'),('S469','GoodHealth Ltd','Germany'),('S470','','India'),('S471','PharmaCorp','China'),('S472','',''),('S473','','China'),('S474','GoodHealth Ltd','India'),('S475','PharmaCorp',''),('S476','GoodHealth Ltd','India'),('S477','HealWell','India'),('S478','PharmaCorp','Kenya'),('S479','','China'),('S480','HealWell',''),('S481','MediSupply','Kenya'),('S482','MediSupply',''),('S483','MediSupply','China'),('S484','MediSupply','Kenya'),('S485','PharmaCorp','India'),('S486','MediSupply','China'),('S487','GoodHealth Ltd','China'),('S488','',''),('S489','MediSupply','Germany'),('S490','GoodHealth Ltd','Germany'),('S491','PharmaCorp','China'),('S492','GoodHealth Ltd','Kenya'),('S493','','China'),('S494','HealWell','China'),('S495','MediSupply','Germany'),('S496','GoodHealth Ltd','Germany'),('S497','MediSupply','Kenya'),('S498','','Kenya'),('S499','HealWell','Germany'),('S339','GoodHealth Ltd','China'),('S247','','Kenya'),('S265','HealWell',''),('S437','PharmaCorp','Germany'),('S354','GoodHealth Ltd','Kenya'),('S441','HealWell','India'),('S494','HealWell','China'),('S301','MediSupply','Kenya'),('S423','GoodHealth Ltd','Germany'),('S352','PharmaCorp','India'),('S268','MediSupply','China'),('S464','GoodHealth Ltd','China'),('S488','',''),('S216','','India'),('S284','PharmaCorp','India');
/*!40000 ALTER TABLE suppliers_300 ENABLE KEYS */;
UNLOCK TABLES;
/*!40103 SET TIME_ZONE=@OLD_TIME_ZONE */;

/*!40101 SET SQL_MODE=@OLD_SQL_MODE */;
/*!40014 SET FOREIGN_KEY_CHECKS=@OLD_FOREIGN_KEY_CHECKS */;
/*!40014 SET UNIQUE_CHECKS=@OLD_UNIQUE_CHECKS */;
/*!40101 SET CHARACTER_SET_CLIENT=@OLD_CHARACTER_SET_CLIENT */;
/*!40101 SET CHARACTER_SET_RESULTS=@OLD_CHARACTER_SET_RESULTS */;
/*!40101 SET COLLATION_CONNECTION=@OLD_COLLATION_CONNECTION */;
/*!40111 SET SQL_NOTES=@OLD_SQL_NOTES */;

-- Dump completed on 2026-01-14 20:57:17
